INSERT INTO users(id,username,password,email) VALUES (1,'awesomeUser','complexPass','awesome@awesomeness.com');
INSERT INTO households(id, address, postal_code) VALUES (1,'Nowhere Avenue 2','18040');
INSERT INTO user_household(user_id, household_id) VALUES (1,1);
INSERT INTO household_timeseries(household_id, pointintime, temperature, consumption, cost) VALUES(1,'2015-01-01 00:00:00',-5,0.31,71.67),(1,'2015-01-01 01:00:00',7,0.81,152.86),(1,'2015-01-01 02:00:00',16,0.03,33.11),(1,'2015-01-01 03:00:00',13,0.53,180.23),(1,'2015-01-01 04:00:00',12,0.50,99.17),(1,'2015-01-01 05:00:00',-4,0.59,24.84),(1,'2015-01-01 06:00:00',19,0.15,139.29),(1,'2015-01-01 07:00:00',4,0.01,195.78),(1,'2015-01-01 08:00:00',1,0.32,170.78),(1,'2015-01-01 09:00:00',-5,0.95,45.61),(1,'2015-01-01 10:00:00',6,0.67,187.38),(1,'2015-01-01 11:00:00',18,0.67,160.81),(1,'2015-01-01 12:00:00',6,0.07,76.56),(1,'2015-01-01 13:00:00',14,0.66,51.22),(1,'2015-01-01 14:00:00',-4,0.05,197.42),(1,'2015-01-01 15:00:00',16,0.63,54.75),(1,'2015-01-01 16:00:00',-4,0.96,192.14),(1,'2015-01-01 17:00:00',10,0.78,96.06),(1,'2015-01-01 18:00:00',10,0.31,24.40),(1,'2015-01-01 19:00:00',5,0.97,129.03),(1,'2015-01-01 20:00:00',-8,0.93,106.61),(1,'2015-01-01 21:00:00',-7,0.60,185.96),(1,'2015-01-01 22:00:00',20,0.21,181.10),(1,'2015-01-01 23:00:00',10,0.18,131.31),(1,'2015-01-02 00:00:00',-10,0.66,163.37),(1,'2015-01-02 01:00:00',17,0.51,37.77),(1,'2015-01-02 02:00:00',2,0.13,195.80),(1,'2015-01-02 03:00:00',2,0.89,151.31),(1,'2015-01-02 04:00:00',-8,0.12,52.41),(1,'2015-01-02 05:00:00',14,0.64,176.95),(1,'2015-01-02 06:00:00',-9,0.22,168.46),(1,'2015-01-02 07:00:00',4,0.47,54.33),(1,'2015-01-02 08:00:00',7,0.00,184.36),(1,'2015-01-02 09:00:00',-10,0.49,66.62),(1,'2015-01-02 10:00:00',18,0.52,30.66),(1,'2015-01-02 11:00:00',-6,0.69,188.22),(1,'2015-01-02 12:00:00',4,0.02,170.60),(1,'2015-01-02 13:00:00',-3,0.15,27.31),(1,'2015-01-02 14:00:00',20,0.39,70.24),(1,'2015-01-02 15:00:00',17,0.80,120.71),(1,'2015-01-02 16:00:00',15,0.38,142.83),(1,'2015-01-02 17:00:00',13,0.49,57.67),(1,'2015-01-02 18:00:00',15,0.93,122.43),(1,'2015-01-02 19:00:00',20,0.35,54.29),(1,'2015-01-02 20:00:00',11,0.68,198.92),(1,'2015-01-02 21:00:00',2,0.40,183.19),(1,'2015-01-02 22:00:00',6,0.24,133.54),(1,'2015-01-02 23:00:00',12,0.11,90.90),(1,'2015-01-03 00:00:00',10,0.87,137.82),(1,'2015-01-03 01:00:00',-8,0.97,127.24),(1,'2015-01-03 02:00:00',15,0.57,126.37),(1,'2015-01-03 03:00:00',20,0.08,61.24),(1,'2015-01-03 04:00:00',20,0.71,114.13),(1,'2015-01-03 05:00:00',14,0.21,166.75),(1,'2015-01-03 06:00:00',13,0.44,179.19),(1,'2015-01-03 07:00:00',17,0.94,163.32),(1,'2015-01-03 08:00:00',3,0.93,34.36),(1,'2015-01-03 09:00:00',14,0.87,27.69),(1,'2015-01-03 10:00:00',11,0.81,30.60),(1,'2015-01-03 11:00:00',8,0.75,31.54),(1,'2015-01-03 12:00:00',3,0.09,165.07),(1,'2015-01-03 13:00:00',3,0.72,157.14),(1,'2015-01-03 14:00:00',-4,0.46,112.82),(1,'2015-01-03 15:00:00',11,0.55,75.14),(1,'2015-01-03 16:00:00',4,0.13,70.88),(1,'2015-01-03 17:00:00',10,0.17,191.21),(1,'2015-01-03 18:00:00',5,0.82,77.01),(1,'2015-01-03 19:00:00',5,0.86,173.55),(1,'2015-01-03 20:00:00',-3,0.64,47.48),(1,'2015-01-03 21:00:00',16,0.49,113.30),(1,'2015-01-03 22:00:00',7,0.16,29.00),(1,'2015-01-03 23:00:00',15,0.50,61.91),(1,'2015-01-04 00:00:00',19,0.16,174.28),(1,'2015-01-04 01:00:00',-4,0.41,113.34),(1,'2015-01-04 02:00:00',15,0.26,46.81),(1,'2015-01-04 03:00:00',20,0.07,82.49),(1,'2015-01-04 04:00:00',6,0.22,35.54),(1,'2015-01-04 05:00:00',4,0.61,66.23),(1,'2015-01-04 06:00:00',-2,0.34,178.84),(1,'2015-01-04 07:00:00',15,0.54,180.43),(1,'2015-01-04 08:00:00',7,0.97,54.94),(1,'2015-01-04 09:00:00',12,0.84,186.48),(1,'2015-01-04 10:00:00',-2,0.23,42.73),(1,'2015-01-04 11:00:00',10,0.91,147.17),(1,'2015-01-04 12:00:00',19,0.71,126.61),(1,'2015-01-04 13:00:00',14,0.30,93.30),(1,'2015-01-04 14:00:00',-9,0.60,44.06),(1,'2015-01-04 15:00:00',12,0.98,130.47),(1,'2015-01-04 16:00:00',17,0.82,49.47),(1,'2015-01-04 17:00:00',7,0.69,87.83),(1,'2015-01-04 18:00:00',11,0.96,48.07),(1,'2015-01-04 19:00:00',19,0.32,113.23),(1,'2015-01-04 20:00:00',11,0.47,115.89),(1,'2015-01-04 21:00:00',-6,0.02,100.71),(1,'2015-01-04 22:00:00',-6,0.25,136.15),(1,'2015-01-04 23:00:00',2,0.52,160.58),(1,'2015-01-05 00:00:00',-5,0.00,46.44),(1,'2015-01-05 01:00:00',18,0.40,42.78),(1,'2015-01-05 02:00:00',1,0.03,61.27),(1,'2015-01-05 03:00:00',-5,0.42,20.81),(1,'2015-01-05 04:00:00',-1,0.65,198.56),(1,'2015-01-05 05:00:00',-4,0.59,82.68),(1,'2015-01-05 06:00:00',6,0.76,23.24),(1,'2015-01-05 07:00:00',3,0.38,63.42),(1,'2015-01-05 08:00:00',17,0.56,88.44),(1,'2015-01-05 09:00:00',20,0.21,79.94),(1,'2015-01-05 10:00:00',2,0.32,174.72),(1,'2015-01-05 11:00:00',-8,0.99,158.41),(1,'2015-01-05 12:00:00',4,0.66,155.72),(1,'2015-01-05 13:00:00',14,0.32,104.19),(1,'2015-01-05 14:00:00',-9,0.56,74.00),(1,'2015-01-05 15:00:00',-2,0.59,66.68),(1,'2015-01-05 16:00:00',-10,0.71,65.40),(1,'2015-01-05 17:00:00',0,0.56,199.53),(1,'2015-01-05 18:00:00',8,0.13,180.18),(1,'2015-01-05 19:00:00',-4,0.91,123.30),(1,'2015-01-05 20:00:00',-9,0.59,154.61),(1,'2015-01-05 21:00:00',-8,0.26,60.17),(1,'2015-01-05 22:00:00',-4,0.89,53.79),(1,'2015-01-05 23:00:00',-9,0.82,190.25),(1,'2015-01-06 00:00:00',19,0.65,135.39),(1,'2015-01-06 01:00:00',-10,0.49,173.64),(1,'2015-01-06 02:00:00',19,0.41,112.20),(1,'2015-01-06 03:00:00',13,0.48,138.03),(1,'2015-01-06 04:00:00',5,0.73,26.08),(1,'2015-01-06 05:00:00',9,0.05,195.46),(1,'2015-01-06 06:00:00',5,0.47,171.69),(1,'2015-01-06 07:00:00',8,0.99,97.52),(1,'2015-01-06 08:00:00',11,0.37,43.99),(1,'2015-01-06 09:00:00',1,0.86,159.39),(1,'2015-01-06 10:00:00',-3,0.91,157.75),(1,'2015-01-06 11:00:00',-4,0.38,61.65),(1,'2015-01-06 12:00:00',4,0.12,137.18),(1,'2015-01-06 13:00:00',20,0.98,177.70),(1,'2015-01-06 14:00:00',11,0.25,105.86),(1,'2015-01-06 15:00:00',-10,0.64,166.55),(1,'2015-01-06 16:00:00',10,0.74,32.23),(1,'2015-01-06 17:00:00',13,0.70,64.02),(1,'2015-01-06 18:00:00',18,0.89,192.00),(1,'2015-01-06 19:00:00',-8,0.30,88.39),(1,'2015-01-06 20:00:00',9,0.85,130.89),(1,'2015-01-06 21:00:00',20,0.98,55.74),(1,'2015-01-06 22:00:00',1,0.06,41.58),(1,'2015-01-06 23:00:00',17,0.41,92.40),(1,'2015-01-07 00:00:00',1,0.77,179.22),(1,'2015-01-07 01:00:00',-9,0.66,111.56),(1,'2015-01-07 02:00:00',19,0.38,107.86),(1,'2015-01-07 03:00:00',7,0.15,20.93),(1,'2015-01-07 04:00:00',8,0.34,196.74),(1,'2015-01-07 05:00:00',18,0.54,183.60),(1,'2015-01-07 06:00:00',9,0.81,105.42),(1,'2015-01-07 07:00:00',5,0.03,40.56),(1,'2015-01-07 08:00:00',11,0.05,105.22),(1,'2015-01-07 09:00:00',-4,0.84,48.64),(1,'2015-01-07 10:00:00',2,0.72,98.82),(1,'2015-01-07 11:00:00',8,0.27,87.09),(1,'2015-01-07 12:00:00',-10,0.94,88.42),(1,'2015-01-07 13:00:00',4,0.47,53.69),(1,'2015-01-07 14:00:00',-10,0.60,32.96),(1,'2015-01-07 15:00:00',12,0.23,46.84),(1,'2015-01-07 16:00:00',13,0.09,155.04),(1,'2015-01-07 17:00:00',-2,0.69,72.04),(1,'2015-01-07 18:00:00',5,0.52,167.79),(1,'2015-01-07 19:00:00',-10,0.75,85.59),(1,'2015-01-07 20:00:00',-7,0.38,125.91),(1,'2015-01-07 21:00:00',-10,0.79,196.22),(1,'2015-01-07 22:00:00',7,0.31,191.91),(1,'2015-01-07 23:00:00',15,0.63,193.48),(1,'2015-01-08 00:00:00',15,0.26,165.99),(1,'2015-01-08 01:00:00',17,1.00,199.58),(1,'2015-01-08 02:00:00',-1,0.16,61.50),(1,'2015-01-08 03:00:00',-9,0.28,164.04),(1,'2015-01-08 04:00:00',1,0.46,116.40),(1,'2015-01-08 05:00:00',6,0.41,199.26),(1,'2015-01-08 06:00:00',15,0.51,52.82),(1,'2015-01-08 07:00:00',-1,0.90,183.96),(1,'2015-01-08 08:00:00',19,0.82,182.85),(1,'2015-01-08 09:00:00',8,0.53,96.87),(1,'2015-01-08 10:00:00',9,0.58,50.17),(1,'2015-01-08 11:00:00',-3,0.31,63.71),(1,'2015-01-08 12:00:00',13,0.08,105.17),(1,'2015-01-08 13:00:00',-10,0.35,38.84),(1,'2015-01-08 14:00:00',10,0.70,41.21),(1,'2015-01-08 15:00:00',-2,0.99,129.83),(1,'2015-01-08 16:00:00',15,0.57,55.87),(1,'2015-01-08 17:00:00',9,0.29,93.48),(1,'2015-01-08 18:00:00',4,0.77,118.90),(1,'2015-01-08 19:00:00',1,0.31,144.47),(1,'2015-01-08 20:00:00',10,0.79,121.66),(1,'2015-01-08 21:00:00',10,0.39,52.07),(1,'2015-01-08 22:00:00',-7,0.53,164.80),(1,'2015-01-08 23:00:00',15,0.60,140.40),(1,'2015-01-09 00:00:00',10,0.70,125.54),(1,'2015-01-09 01:00:00',-7,0.48,169.27),(1,'2015-01-09 02:00:00',-1,0.46,113.26),(1,'2015-01-09 03:00:00',-1,0.05,180.33),(1,'2015-01-09 04:00:00',0,0.67,162.10),(1,'2015-01-09 05:00:00',-3,0.81,175.94),(1,'2015-01-09 06:00:00',-4,0.28,108.11),(1,'2015-01-09 07:00:00',1,0.54,21.84),(1,'2015-01-09 08:00:00',-2,0.81,98.83),(1,'2015-01-09 09:00:00',18,0.48,189.56),(1,'2015-01-09 10:00:00',-2,0.81,128.65),(1,'2015-01-09 11:00:00',-3,0.17,126.79),(1,'2015-01-09 12:00:00',-3,0.46,46.61),(1,'2015-01-09 13:00:00',20,0.95,98.68),(1,'2015-01-09 14:00:00',16,0.99,145.64),(1,'2015-01-09 15:00:00',9,0.78,109.36),(1,'2015-01-09 16:00:00',11,0.08,94.58),(1,'2015-01-09 17:00:00',4,0.99,73.91),(1,'2015-01-09 18:00:00',7,0.50,190.25),(1,'2015-01-09 19:00:00',-1,0.70,135.76),(1,'2015-01-09 20:00:00',19,0.96,180.68),(1,'2015-01-09 21:00:00',7,0.55,141.26),(1,'2015-01-09 22:00:00',-10,0.36,117.91),(1,'2015-01-09 23:00:00',13,0.64,188.16),(1,'2015-01-10 00:00:00',9,0.39,184.60),(1,'2015-01-10 01:00:00',-9,0.97,20.46),(1,'2015-01-10 02:00:00',0,0.95,35.60),(1,'2015-01-10 03:00:00',9,0.09,118.46),(1,'2015-01-10 04:00:00',20,0.45,135.92),(1,'2015-01-10 05:00:00',8,0.35,30.19),(1,'2015-01-10 06:00:00',17,0.48,99.14),(1,'2015-01-10 07:00:00',4,0.61,88.04),(1,'2015-01-10 08:00:00',-2,0.68,114.72),(1,'2015-01-10 09:00:00',20,0.15,189.78),(1,'2015-01-10 10:00:00',1,0.12,20.21),(1,'2015-01-10 11:00:00',15,0.97,40.79),(1,'2015-01-10 12:00:00',9,0.61,59.41),(1,'2015-01-10 13:00:00',10,0.10,47.49),(1,'2015-01-10 14:00:00',3,0.37,105.38),(1,'2015-01-10 15:00:00',2,0.25,70.84),(1,'2015-01-10 16:00:00',1,0.60,111.85),(1,'2015-01-10 17:00:00',11,0.36,98.06),(1,'2015-01-10 18:00:00',11,0.91,123.09),(1,'2015-01-10 19:00:00',10,0.73,193.74),(1,'2015-01-10 20:00:00',2,0.17,88.77),(1,'2015-01-10 21:00:00',11,0.88,130.62),(1,'2015-01-10 22:00:00',-10,0.81,46.56),(1,'2015-01-10 23:00:00',14,0.55,95.42),(1,'2015-01-11 00:00:00',13,0.79,78.50),(1,'2015-01-11 01:00:00',13,0.95,71.91),(1,'2015-01-11 02:00:00',-7,0.74,142.40),(1,'2015-01-11 03:00:00',8,0.94,82.69),(1,'2015-01-11 04:00:00',-5,0.71,139.60),(1,'2015-01-11 05:00:00',-4,0.48,193.74),(1,'2015-01-11 06:00:00',11,0.20,98.54),(1,'2015-01-11 07:00:00',12,0.75,157.96),(1,'2015-01-11 08:00:00',10,0.56,165.63),(1,'2015-01-11 09:00:00',6,0.52,134.80),(1,'2015-01-11 10:00:00',17,0.37,104.50),(1,'2015-01-11 11:00:00',13,0.80,91.08),(1,'2015-01-11 12:00:00',13,0.33,62.20),(1,'2015-01-11 13:00:00',4,0.16,50.37),(1,'2015-01-11 14:00:00',6,0.25,198.34),(1,'2015-01-11 15:00:00',4,0.75,165.40),(1,'2015-01-11 16:00:00',13,0.54,154.78),(1,'2015-01-11 17:00:00',13,0.00,160.46),(1,'2015-01-11 18:00:00',-4,0.15,138.63),(1,'2015-01-11 19:00:00',9,0.27,58.05),(1,'2015-01-11 20:00:00',8,0.04,148.06),(1,'2015-01-11 21:00:00',6,1.00,32.93),(1,'2015-01-11 22:00:00',2,0.49,152.70),(1,'2015-01-11 23:00:00',17,0.52,82.56),(1,'2015-01-12 00:00:00',2,0.58,21.98),(1,'2015-01-12 01:00:00',-8,0.73,144.13),(1,'2015-01-12 02:00:00',7,0.42,158.21),(1,'2015-01-12 03:00:00',-6,0.98,60.52),(1,'2015-01-12 04:00:00',12,0.53,125.66),(1,'2015-01-12 05:00:00',8,0.26,125.00),(1,'2015-01-12 06:00:00',2,0.76,86.83),(1,'2015-01-12 07:00:00',20,0.95,52.87),(1,'2015-01-12 08:00:00',6,0.85,165.85),(1,'2015-01-12 09:00:00',-6,0.10,123.64),(1,'2015-01-12 10:00:00',5,0.22,87.03),(1,'2015-01-12 11:00:00',-3,0.48,178.49),(1,'2015-01-12 12:00:00',11,0.59,26.35),(1,'2015-01-12 13:00:00',17,0.80,36.36),(1,'2015-01-12 14:00:00',3,0.72,101.16),(1,'2015-01-12 15:00:00',-3,0.54,197.94),(1,'2015-01-12 16:00:00',0,0.56,159.65),(1,'2015-01-12 17:00:00',-6,0.68,85.57),(1,'2015-01-12 18:00:00',18,0.44,58.30),(1,'2015-01-12 19:00:00',7,0.81,66.26),(1,'2015-01-12 20:00:00',3,0.13,27.30),(1,'2015-01-12 21:00:00',7,0.60,47.89),(1,'2015-01-12 22:00:00',2,0.93,30.80),(1,'2015-01-12 23:00:00',20,0.42,34.81),(1,'2015-01-13 00:00:00',-4,0.35,36.81),(1,'2015-01-13 01:00:00',20,0.53,27.44),(1,'2015-01-13 02:00:00',4,0.87,37.82),(1,'2015-01-13 03:00:00',-3,0.75,44.42),(1,'2015-01-13 04:00:00',16,0.10,41.65),(1,'2015-01-13 05:00:00',-2,0.40,36.98),(1,'2015-01-13 06:00:00',4,0.66,29.64),(1,'2015-01-13 07:00:00',-4,0.78,180.09),(1,'2015-01-13 08:00:00',11,0.42,130.86),(1,'2015-01-13 09:00:00',16,0.36,78.69),(1,'2015-01-13 10:00:00',7,0.91,73.63),(1,'2015-01-13 11:00:00',3,0.96,173.02),(1,'2015-01-13 12:00:00',13,0.81,164.91),(1,'2015-01-13 13:00:00',6,0.61,28.34),(1,'2015-01-13 14:00:00',1,0.03,21.99),(1,'2015-01-13 15:00:00',-3,0.92,189.61),(1,'2015-01-13 16:00:00',10,0.18,153.93),(1,'2015-01-13 17:00:00',-6,0.58,172.74),(1,'2015-01-13 18:00:00',-6,0.81,99.12),(1,'2015-01-13 19:00:00',8,0.86,69.51),(1,'2015-01-13 20:00:00',0,0.02,160.94),(1,'2015-01-13 21:00:00',12,0.40,44.17),(1,'2015-01-13 22:00:00',-8,0.97,145.95),(1,'2015-01-13 23:00:00',10,0.05,156.11),(1,'2015-01-14 00:00:00',10,0.01,108.24),(1,'2015-01-14 01:00:00',2,0.01,56.65),(1,'2015-01-14 02:00:00',14,0.80,90.89),(1,'2015-01-14 03:00:00',-9,0.76,146.43),(1,'2015-01-14 04:00:00',-3,0.52,41.35),(1,'2015-01-14 05:00:00',17,0.48,42.52),(1,'2015-01-14 06:00:00',12,0.83,178.74),(1,'2015-01-14 07:00:00',9,0.21,106.68),(1,'2015-01-14 08:00:00',20,0.62,92.47),(1,'2015-01-14 09:00:00',3,0.96,195.52),(1,'2015-01-14 10:00:00',19,0.88,38.08),(1,'2015-01-14 11:00:00',-9,0.70,95.98),(1,'2015-01-14 12:00:00',11,0.26,21.96),(1,'2015-01-14 13:00:00',-8,0.76,106.11),(1,'2015-01-14 14:00:00',16,0.46,197.83),(1,'2015-01-14 15:00:00',11,0.06,61.32),(1,'2015-01-14 16:00:00',-4,0.13,61.06),(1,'2015-01-14 17:00:00',2,0.04,196.34),(1,'2015-01-14 18:00:00',16,0.01,169.11),(1,'2015-01-14 19:00:00',11,0.30,169.72),(1,'2015-01-14 20:00:00',9,0.33,149.17),(1,'2015-01-14 21:00:00',-2,0.06,102.06),(1,'2015-01-14 22:00:00',9,0.78,79.05),(1,'2015-01-14 23:00:00',7,0.40,181.66),(1,'2015-01-15 00:00:00',-10,0.01,20.95),(1,'2015-01-15 01:00:00',7,0.57,155.39),(1,'2015-01-15 02:00:00',9,0.23,196.00),(1,'2015-01-15 03:00:00',-3,0.22,28.29),(1,'2015-01-15 04:00:00',1,0.33,86.37),(1,'2015-01-15 05:00:00',-6,0.47,32.75),(1,'2015-01-15 06:00:00',1,0.74,97.16),(1,'2015-01-15 07:00:00',-3,0.98,111.06),(1,'2015-01-15 08:00:00',-7,0.41,95.85),(1,'2015-01-15 09:00:00',-10,0.32,113.52),(1,'2015-01-15 10:00:00',15,0.46,152.65),(1,'2015-01-15 11:00:00',19,0.30,115.86),(1,'2015-01-15 12:00:00',11,0.95,76.25),(1,'2015-01-15 13:00:00',-4,0.46,190.20),(1,'2015-01-15 14:00:00',9,0.20,135.61),(1,'2015-01-15 15:00:00',14,0.69,160.07),(1,'2015-01-15 16:00:00',-6,0.58,198.29),(1,'2015-01-15 17:00:00',-7,0.42,33.52),(1,'2015-01-15 18:00:00',20,0.11,54.24),(1,'2015-01-15 19:00:00',17,0.68,38.56),(1,'2015-01-15 20:00:00',0,0.93,122.48),(1,'2015-01-15 21:00:00',1,0.79,109.53),(1,'2015-01-15 22:00:00',2,0.24,138.29),(1,'2015-01-15 23:00:00',4,0.05,60.25),(1,'2015-01-16 00:00:00',20,0.40,150.21),(1,'2015-01-16 01:00:00',1,0.19,52.41),(1,'2015-01-16 02:00:00',18,0.48,55.05),(1,'2015-01-16 03:00:00',17,0.44,45.97),(1,'2015-01-16 04:00:00',10,0.68,145.32),(1,'2015-01-16 05:00:00',-3,0.49,26.29),(1,'2015-01-16 06:00:00',15,0.18,70.61),(1,'2015-01-16 07:00:00',15,0.16,33.52),(1,'2015-01-16 08:00:00',17,0.27,132.03),(1,'2015-01-16 09:00:00',6,0.46,33.44),(1,'2015-01-16 10:00:00',-7,0.23,146.78),(1,'2015-01-16 11:00:00',1,0.52,131.49),(1,'2015-01-16 12:00:00',7,0.35,83.25),(1,'2015-01-16 13:00:00',-5,0.58,129.11),(1,'2015-01-16 14:00:00',13,0.34,98.92),(1,'2015-01-16 15:00:00',9,0.05,156.62),(1,'2015-01-16 16:00:00',12,0.31,166.26),(1,'2015-01-16 17:00:00',5,0.22,40.20),(1,'2015-01-16 18:00:00',7,0.13,155.14),(1,'2015-01-16 19:00:00',-8,0.74,91.38),(1,'2015-01-16 20:00:00',2,0.49,81.25),(1,'2015-01-16 21:00:00',16,0.13,65.33),(1,'2015-01-16 22:00:00',-2,0.30,24.87),(1,'2015-01-16 23:00:00',9,0.56,78.63),(1,'2015-01-17 00:00:00',-6,0.07,56.60),(1,'2015-01-17 01:00:00',-6,0.63,168.03),(1,'2015-01-17 02:00:00',-3,0.84,30.34),(1,'2015-01-17 03:00:00',7,0.52,33.75),(1,'2015-01-17 04:00:00',15,0.79,79.95),(1,'2015-01-17 05:00:00',-7,0.36,117.15),(1,'2015-01-17 06:00:00',-5,0.39,108.66),(1,'2015-01-17 07:00:00',9,0.58,107.67),(1,'2015-01-17 08:00:00',16,0.36,72.93),(1,'2015-01-17 09:00:00',-4,0.13,80.07),(1,'2015-01-17 10:00:00',12,0.99,30.83),(1,'2015-01-17 11:00:00',4,0.91,91.30),(1,'2015-01-17 12:00:00',12,0.98,150.99),(1,'2015-01-17 13:00:00',2,0.11,61.54),(1,'2015-01-17 14:00:00',-1,0.69,198.20),(1,'2015-01-17 15:00:00',12,0.64,26.84),(1,'2015-01-17 16:00:00',1,0.58,197.21),(1,'2015-01-17 17:00:00',7,0.20,70.19),(1,'2015-01-17 18:00:00',-1,0.97,48.94),(1,'2015-01-17 19:00:00',20,0.27,84.85),(1,'2015-01-17 20:00:00',4,0.59,23.20),(1,'2015-01-17 21:00:00',14,0.49,42.95),(1,'2015-01-17 22:00:00',-7,0.60,178.36),(1,'2015-01-17 23:00:00',-6,0.78,33.43),(1,'2015-01-18 00:00:00',18,0.20,115.68),(1,'2015-01-18 01:00:00',10,0.38,39.65),(1,'2015-01-18 02:00:00',0,0.82,41.26),(1,'2015-01-18 03:00:00',9,0.57,156.24),(1,'2015-01-18 04:00:00',14,0.00,172.27),(1,'2015-01-18 05:00:00',3,0.58,76.67),(1,'2015-01-18 06:00:00',-5,0.51,25.78),(1,'2015-01-18 07:00:00',12,0.15,27.77),(1,'2015-01-18 08:00:00',-1,0.61,109.46),(1,'2015-01-18 09:00:00',20,0.66,62.58),(1,'2015-01-18 10:00:00',-8,0.67,127.75),(1,'2015-01-18 11:00:00',-1,0.83,53.66),(1,'2015-01-18 12:00:00',-3,0.85,91.93),(1,'2015-01-18 13:00:00',18,0.36,157.12),(1,'2015-01-18 14:00:00',-9,0.20,100.67),(1,'2015-01-18 15:00:00',14,0.88,133.21),(1,'2015-01-18 16:00:00',16,0.24,21.31),(1,'2015-01-18 17:00:00',-2,0.40,43.48),(1,'2015-01-18 18:00:00',-3,0.09,122.13),(1,'2015-01-18 19:00:00',-9,0.33,112.86),(1,'2015-01-18 20:00:00',-4,0.61,55.97),(1,'2015-01-18 21:00:00',-1,0.37,47.79),(1,'2015-01-18 22:00:00',18,0.43,138.71),(1,'2015-01-18 23:00:00',14,0.46,175.25),(1,'2015-01-19 00:00:00',-5,0.75,143.75),(1,'2015-01-19 01:00:00',14,0.30,148.47),(1,'2015-01-19 02:00:00',19,0.33,185.12),(1,'2015-01-19 03:00:00',17,0.05,155.21),(1,'2015-01-19 04:00:00',-2,0.72,125.67),(1,'2015-01-19 05:00:00',5,0.70,188.65),(1,'2015-01-19 06:00:00',11,0.46,66.42),(1,'2015-01-19 07:00:00',-6,0.95,98.02),(1,'2015-01-19 08:00:00',-2,0.34,116.07),(1,'2015-01-19 09:00:00',15,0.32,60.85),(1,'2015-01-19 10:00:00',16,0.97,100.60),(1,'2015-01-19 11:00:00',-2,0.20,89.04),(1,'2015-01-19 12:00:00',-7,0.46,113.26),(1,'2015-01-19 13:00:00',4,0.31,154.29),(1,'2015-01-19 14:00:00',-3,0.75,141.27),(1,'2015-01-19 15:00:00',5,0.28,143.96),(1,'2015-01-19 16:00:00',15,0.11,56.20),(1,'2015-01-19 17:00:00',3,0.45,144.31),(1,'2015-01-19 18:00:00',6,0.84,156.65),(1,'2015-01-19 19:00:00',-6,0.52,83.96),(1,'2015-01-19 20:00:00',4,0.64,126.27),(1,'2015-01-19 21:00:00',-4,0.26,152.54),(1,'2015-01-19 22:00:00',0,0.18,39.00),(1,'2015-01-19 23:00:00',8,0.83,40.01),(1,'2015-01-20 00:00:00',-7,0.05,198.19),(1,'2015-01-20 01:00:00',16,0.52,134.52),(1,'2015-01-20 02:00:00',-2,0.59,129.81),(1,'2015-01-20 03:00:00',3,0.19,64.44),(1,'2015-01-20 04:00:00',-4,0.77,54.93),(1,'2015-01-20 05:00:00',4,0.24,112.58),(1,'2015-01-20 06:00:00',11,0.07,115.98),(1,'2015-01-20 07:00:00',18,0.48,153.34),(1,'2015-01-20 08:00:00',12,0.05,85.63),(1,'2015-01-20 09:00:00',7,0.38,163.87),(1,'2015-01-20 10:00:00',7,0.01,37.82),(1,'2015-01-20 11:00:00',-5,0.93,29.13),(1,'2015-01-20 12:00:00',12,0.62,47.24),(1,'2015-01-20 13:00:00',14,0.70,25.68),(1,'2015-01-20 14:00:00',14,0.85,111.21),(1,'2015-01-20 15:00:00',-5,0.42,138.64),(1,'2015-01-20 16:00:00',5,0.10,185.10),(1,'2015-01-20 17:00:00',-10,0.25,152.16),(1,'2015-01-20 18:00:00',-3,0.16,175.33),(1,'2015-01-20 19:00:00',19,0.58,24.82),(1,'2015-01-20 20:00:00',-1,0.07,162.51),(1,'2015-01-20 21:00:00',16,0.13,178.22),(1,'2015-01-20 22:00:00',-6,0.60,83.62),(1,'2015-01-20 23:00:00',4,0.92,39.59),(1,'2015-01-21 00:00:00',8,0.49,116.67),(1,'2015-01-21 01:00:00',19,0.45,163.11),(1,'2015-01-21 02:00:00',18,0.46,171.06),(1,'2015-01-21 03:00:00',15,0.22,150.92),(1,'2015-01-21 04:00:00',15,0.81,40.92),(1,'2015-01-21 05:00:00',10,0.56,135.35),(1,'2015-01-21 06:00:00',17,0.52,178.12),(1,'2015-01-21 07:00:00',-6,0.00,143.41),(1,'2015-01-21 08:00:00',0,0.64,191.20),(1,'2015-01-21 09:00:00',3,0.41,152.80),(1,'2015-01-21 10:00:00',20,0.09,141.88),(1,'2015-01-21 11:00:00',-1,0.11,197.65),(1,'2015-01-21 12:00:00',5,0.11,134.79),(1,'2015-01-21 13:00:00',-6,0.71,62.67),(1,'2015-01-21 14:00:00',2,0.67,102.94),(1,'2015-01-21 15:00:00',11,0.16,35.11),(1,'2015-01-21 16:00:00',-4,0.48,159.08),(1,'2015-01-21 17:00:00',3,1.00,98.27),(1,'2015-01-21 18:00:00',-4,0.84,136.00),(1,'2015-01-21 19:00:00',15,0.71,118.66),(1,'2015-01-21 20:00:00',15,0.72,188.86),(1,'2015-01-21 21:00:00',6,0.86,113.60),(1,'2015-01-21 22:00:00',14,0.19,119.71),(1,'2015-01-21 23:00:00',10,0.93,32.19),(1,'2015-01-22 00:00:00',-7,0.68,122.60),(1,'2015-01-22 01:00:00',-7,0.29,141.36),(1,'2015-01-22 02:00:00',16,0.29,116.24),(1,'2015-01-22 03:00:00',-8,0.83,149.35),(1,'2015-01-22 04:00:00',0,0.85,176.73),(1,'2015-01-22 05:00:00',20,0.48,33.35),(1,'2015-01-22 06:00:00',8,0.38,159.30),(1,'2015-01-22 07:00:00',1,0.99,30.59),(1,'2015-01-22 08:00:00',8,0.61,168.04),(1,'2015-01-22 09:00:00',-10,0.35,179.98),(1,'2015-01-22 10:00:00',3,0.50,60.80),(1,'2015-01-22 11:00:00',1,0.24,157.90),(1,'2015-01-22 12:00:00',3,0.15,97.76),(1,'2015-01-22 13:00:00',-9,0.28,86.62),(1,'2015-01-22 14:00:00',17,0.81,180.82),(1,'2015-01-22 15:00:00',13,0.53,160.43),(1,'2015-01-22 16:00:00',-3,0.34,165.41),(1,'2015-01-22 17:00:00',-8,0.27,122.26),(1,'2015-01-22 18:00:00',10,0.14,158.39),(1,'2015-01-22 19:00:00',6,0.38,130.02),(1,'2015-01-22 20:00:00',-7,0.85,32.56),(1,'2015-01-22 21:00:00',5,0.65,49.27),(1,'2015-01-22 22:00:00',-3,0.37,68.97),(1,'2015-01-22 23:00:00',7,0.53,105.21),(1,'2015-01-23 00:00:00',-3,0.92,34.28),(1,'2015-01-23 01:00:00',-4,0.03,96.16),(1,'2015-01-23 02:00:00',9,0.84,104.32),(1,'2015-01-23 03:00:00',13,0.79,102.18),(1,'2015-01-23 04:00:00',13,0.43,36.91),(1,'2015-01-23 05:00:00',1,0.70,79.47),(1,'2015-01-23 06:00:00',-5,0.54,187.32),(1,'2015-01-23 07:00:00',10,0.56,68.67),(1,'2015-01-23 08:00:00',19,0.66,122.23),(1,'2015-01-23 09:00:00',0,0.27,195.26),(1,'2015-01-23 10:00:00',15,0.45,167.30),(1,'2015-01-23 11:00:00',-6,0.35,28.22),(1,'2015-01-23 12:00:00',16,0.13,128.67),(1,'2015-01-23 13:00:00',14,0.73,148.41),(1,'2015-01-23 14:00:00',-2,0.76,107.67),(1,'2015-01-23 15:00:00',20,0.37,88.24),(1,'2015-01-23 16:00:00',5,0.80,133.57),(1,'2015-01-23 17:00:00',3,0.29,20.91),(1,'2015-01-23 18:00:00',4,0.33,86.75),(1,'2015-01-23 19:00:00',9,0.70,92.43),(1,'2015-01-23 20:00:00',-6,0.24,118.24),(1,'2015-01-23 21:00:00',-7,0.99,58.10),(1,'2015-01-23 22:00:00',-3,0.79,164.58),(1,'2015-01-23 23:00:00',-4,0.32,140.66),(1,'2015-01-24 00:00:00',-3,0.58,28.59),(1,'2015-01-24 01:00:00',11,0.89,101.12),(1,'2015-01-24 02:00:00',1,0.60,38.98),(1,'2015-01-24 03:00:00',9,0.79,109.53),(1,'2015-01-24 04:00:00',16,0.59,55.80),(1,'2015-01-24 05:00:00',1,0.45,93.95),(1,'2015-01-24 06:00:00',-1,0.15,148.96),(1,'2015-01-24 07:00:00',16,0.40,107.52),(1,'2015-01-24 08:00:00',20,0.40,114.69),(1,'2015-01-24 09:00:00',-3,0.63,45.78),(1,'2015-01-24 10:00:00',1,0.34,106.77),(1,'2015-01-24 11:00:00',6,0.52,132.72),(1,'2015-01-24 12:00:00',-7,0.18,150.65),(1,'2015-01-24 13:00:00',10,0.36,104.52),(1,'2015-01-24 14:00:00',8,0.48,27.88),(1,'2015-01-24 15:00:00',16,0.30,63.97),(1,'2015-01-24 16:00:00',8,0.10,74.56),(1,'2015-01-24 17:00:00',-3,0.30,171.52),(1,'2015-01-24 18:00:00',0,0.29,44.87),(1,'2015-01-24 19:00:00',-5,0.50,97.75),(1,'2015-01-24 20:00:00',-5,0.50,98.24),(1,'2015-01-24 21:00:00',1,0.91,132.21),(1,'2015-01-24 22:00:00',13,0.44,90.59),(1,'2015-01-24 23:00:00',-7,0.75,161.46),(1,'2015-01-25 00:00:00',10,0.23,53.94),(1,'2015-01-25 01:00:00',9,0.36,92.74),(1,'2015-01-25 02:00:00',10,0.69,67.31),(1,'2015-01-25 03:00:00',-7,0.73,145.05),(1,'2015-01-25 04:00:00',-5,0.45,36.82),(1,'2015-01-25 05:00:00',11,0.79,61.43),(1,'2015-01-25 06:00:00',0,0.06,163.76),(1,'2015-01-25 07:00:00',19,0.32,109.18),(1,'2015-01-25 08:00:00',-8,0.87,148.76),(1,'2015-01-25 09:00:00',5,0.16,192.35),(1,'2015-01-25 10:00:00',14,0.41,99.93),(1,'2015-01-25 11:00:00',-4,0.23,140.94),(1,'2015-01-25 12:00:00',16,0.13,51.63),(1,'2015-01-25 13:00:00',4,0.33,98.11),(1,'2015-01-25 14:00:00',17,0.70,51.45),(1,'2015-01-25 15:00:00',3,0.63,66.65),(1,'2015-01-25 16:00:00',16,0.26,51.60),(1,'2015-01-25 17:00:00',0,0.33,71.40),(1,'2015-01-25 18:00:00',16,0.26,80.06),(1,'2015-01-25 19:00:00',10,0.17,90.26),(1,'2015-01-25 20:00:00',17,0.82,118.07),(1,'2015-01-25 21:00:00',9,0.92,55.31),(1,'2015-01-25 22:00:00',1,0.39,131.00),(1,'2015-01-25 23:00:00',8,0.15,118.57),(1,'2015-01-26 00:00:00',2,0.73,159.49),(1,'2015-01-26 01:00:00',6,0.21,105.40),(1,'2015-01-26 02:00:00',7,0.06,87.11),(1,'2015-01-26 03:00:00',2,0.06,74.27),(1,'2015-01-26 04:00:00',6,0.84,165.67),(1,'2015-01-26 05:00:00',-6,0.99,139.91),(1,'2015-01-26 06:00:00',13,0.53,85.25),(1,'2015-01-26 07:00:00',-7,0.09,30.35),(1,'2015-01-26 08:00:00',7,0.99,129.34),(1,'2015-01-26 09:00:00',-6,0.62,195.77),(1,'2015-01-26 10:00:00',15,0.31,171.59),(1,'2015-01-26 11:00:00',-4,0.93,167.40),(1,'2015-01-26 12:00:00',0,0.76,174.27),(1,'2015-01-26 13:00:00',20,0.18,76.19),(1,'2015-01-26 14:00:00',19,0.01,76.87),(1,'2015-01-26 15:00:00',3,0.82,193.42),(1,'2015-01-26 16:00:00',8,0.97,69.69),(1,'2015-01-26 17:00:00',3,0.55,27.49),(1,'2015-01-26 18:00:00',3,0.70,133.54),(1,'2015-01-26 19:00:00',15,1.00,130.50),(1,'2015-01-26 20:00:00',-8,0.77,83.76),(1,'2015-01-26 21:00:00',-1,0.70,165.74),(1,'2015-01-26 22:00:00',9,0.30,105.84),(1,'2015-01-26 23:00:00',20,0.90,124.54),(1,'2015-01-27 00:00:00',11,0.31,140.83),(1,'2015-01-27 01:00:00',5,0.19,73.50),(1,'2015-01-27 02:00:00',-7,0.95,124.52),(1,'2015-01-27 03:00:00',0,0.82,174.12),(1,'2015-01-27 04:00:00',4,0.02,27.29),(1,'2015-01-27 05:00:00',-7,0.37,167.09),(1,'2015-01-27 06:00:00',13,0.43,104.65),(1,'2015-01-27 07:00:00',13,0.24,160.75),(1,'2015-01-27 08:00:00',5,0.36,195.90),(1,'2015-01-27 09:00:00',10,0.65,101.41),(1,'2015-01-27 10:00:00',-8,0.54,162.33),(1,'2015-01-27 11:00:00',-5,0.98,126.25),(1,'2015-01-27 12:00:00',5,1.00,140.67),(1,'2015-01-27 13:00:00',-2,0.60,145.47),(1,'2015-01-27 14:00:00',4,0.70,57.16),(1,'2015-01-27 15:00:00',10,0.02,106.39),(1,'2015-01-27 16:00:00',14,0.20,181.35),(1,'2015-01-27 17:00:00',2,0.03,157.87),(1,'2015-01-27 18:00:00',11,0.31,117.86),(1,'2015-01-27 19:00:00',-10,0.36,73.24),(1,'2015-01-27 20:00:00',7,0.92,42.20),(1,'2015-01-27 21:00:00',17,0.28,169.25),(1,'2015-01-27 22:00:00',8,0.74,23.89),(1,'2015-01-27 23:00:00',19,0.74,119.07),(1,'2015-01-28 00:00:00',-1,0.63,35.67),(1,'2015-01-28 01:00:00',-9,0.79,49.70),(1,'2015-01-28 02:00:00',0,0.27,172.95),(1,'2015-01-28 03:00:00',-5,0.24,131.23),(1,'2015-01-28 04:00:00',-1,0.55,197.39),(1,'2015-01-28 05:00:00',4,0.39,44.03),(1,'2015-01-28 06:00:00',18,0.74,135.66),(1,'2015-01-28 07:00:00',14,0.99,174.46),(1,'2015-01-28 08:00:00',20,0.42,96.96),(1,'2015-01-28 09:00:00',17,0.70,35.80),(1,'2015-01-28 10:00:00',18,0.25,141.03),(1,'2015-01-28 11:00:00',-9,0.81,73.71),(1,'2015-01-28 12:00:00',-1,0.09,93.73),(1,'2015-01-28 13:00:00',2,0.99,176.05),(1,'2015-01-28 14:00:00',17,0.46,61.58),(1,'2015-01-28 15:00:00',-10,0.36,193.50),(1,'2015-01-28 16:00:00',5,0.37,129.89),(1,'2015-01-28 17:00:00',8,0.19,99.64),(1,'2015-01-28 18:00:00',10,0.38,167.89),(1,'2015-01-28 19:00:00',12,0.47,48.60),(1,'2015-01-28 20:00:00',14,0.27,41.12),(1,'2015-01-28 21:00:00',-7,0.75,21.55),(1,'2015-01-28 22:00:00',19,0.88,179.22),(1,'2015-01-28 23:00:00',5,0.84,116.34),(1,'2015-01-29 00:00:00',-6,0.69,78.29),(1,'2015-01-29 01:00:00',19,0.06,132.41),(1,'2015-01-29 02:00:00',18,0.69,108.64),(1,'2015-01-29 03:00:00',-10,0.05,36.43),(1,'2015-01-29 04:00:00',9,0.73,82.68),(1,'2015-01-29 05:00:00',1,0.22,72.10),(1,'2015-01-29 06:00:00',-4,0.64,195.62),(1,'2015-01-29 07:00:00',9,0.60,80.10),(1,'2015-01-29 08:00:00',-2,0.35,83.54),(1,'2015-01-29 09:00:00',2,0.44,83.56),(1,'2015-01-29 10:00:00',7,0.05,176.20),(1,'2015-01-29 11:00:00',16,0.98,63.26),(1,'2015-01-29 12:00:00',3,0.93,34.67),(1,'2015-01-29 13:00:00',-5,0.93,101.06),(1,'2015-01-29 14:00:00',17,0.82,32.88),(1,'2015-01-29 15:00:00',15,0.20,93.80),(1,'2015-01-29 16:00:00',-10,0.34,164.41),(1,'2015-01-29 17:00:00',-8,0.30,21.84),(1,'2015-01-29 18:00:00',4,0.08,79.15),(1,'2015-01-29 19:00:00',9,0.66,174.01),(1,'2015-01-29 20:00:00',16,0.91,156.18),(1,'2015-01-29 21:00:00',-3,0.39,85.32),(1,'2015-01-29 22:00:00',6,0.13,43.91),(1,'2015-01-29 23:00:00',-2,0.26,155.09),(1,'2015-01-30 00:00:00',-8,0.48,168.81),(1,'2015-01-30 01:00:00',18,0.43,21.51),(1,'2015-01-30 02:00:00',-8,0.68,110.12),(1,'2015-01-30 03:00:00',12,0.40,184.03),(1,'2015-01-30 04:00:00',9,0.32,45.74),(1,'2015-01-30 05:00:00',-1,0.20,145.44),(1,'2015-01-30 06:00:00',15,0.61,184.60),(1,'2015-01-30 07:00:00',18,0.81,120.81),(1,'2015-01-30 08:00:00',-5,0.99,158.38),(1,'2015-01-30 09:00:00',15,0.85,161.17),(1,'2015-01-30 10:00:00',1,0.10,96.00),(1,'2015-01-30 11:00:00',17,0.92,114.95),(1,'2015-01-30 12:00:00',10,0.13,178.06),(1,'2015-01-30 13:00:00',17,0.64,83.34),(1,'2015-01-30 14:00:00',6,0.48,42.96),(1,'2015-01-30 15:00:00',-5,0.76,31.91),(1,'2015-01-30 16:00:00',0,0.33,56.11),(1,'2015-01-30 17:00:00',-2,0.12,136.46),(1,'2015-01-30 18:00:00',7,0.65,70.22),(1,'2015-01-30 19:00:00',16,0.53,171.75),(1,'2015-01-30 20:00:00',1,0.51,52.25),(1,'2015-01-30 21:00:00',11,0.27,144.95),(1,'2015-01-30 22:00:00',10,0.70,55.64),(1,'2015-01-30 23:00:00',-8,0.33,108.19),(1,'2015-01-31 00:00:00',0,0.59,113.24),(1,'2015-01-31 01:00:00',2,0.79,158.27),(1,'2015-01-31 02:00:00',-7,0.58,156.22),(1,'2015-01-31 03:00:00',-3,0.15,69.72),(1,'2015-01-31 04:00:00',18,0.90,162.24),(1,'2015-01-31 05:00:00',-7,0.23,162.01),(1,'2015-01-31 06:00:00',-7,0.48,101.48),(1,'2015-01-31 07:00:00',0,0.78,133.43),(1,'2015-01-31 08:00:00',16,0.94,106.82),(1,'2015-01-31 09:00:00',15,0.50,162.76),(1,'2015-01-31 10:00:00',-8,0.88,177.99),(1,'2015-01-31 11:00:00',-4,0.77,38.67),(1,'2015-01-31 12:00:00',8,0.07,33.74),(1,'2015-01-31 13:00:00',-10,0.13,53.59),(1,'2015-01-31 14:00:00',-7,0.42,141.02),(1,'2015-01-31 15:00:00',18,0.43,125.96),(1,'2015-01-31 16:00:00',3,0.32,151.86),(1,'2015-01-31 17:00:00',0,0.34,58.72),(1,'2015-01-31 18:00:00',-3,0.38,88.25),(1,'2015-01-31 19:00:00',16,0.98,34.65),(1,'2015-01-31 20:00:00',-5,0.10,193.40),(1,'2015-01-31 21:00:00',-4,0.75,59.05),(1,'2015-01-31 22:00:00',1,0.30,110.52),(1,'2015-01-31 23:00:00',-9,0.71,170.45),(1,'2015-02-01 00:00:00',4,0.20,104.76),(1,'2015-02-01 01:00:00',19,0.19,182.36),(1,'2015-02-01 02:00:00',6,0.83,123.35),(1,'2015-02-01 03:00:00',9,0.73,27.51),(1,'2015-02-01 04:00:00',-5,0.24,182.69),(1,'2015-02-01 05:00:00',-6,0.25,101.30),(1,'2015-02-01 06:00:00',5,0.41,118.11),(1,'2015-02-01 07:00:00',8,0.95,122.57),(1,'2015-02-01 08:00:00',12,0.81,87.94),(1,'2015-02-01 09:00:00',1,0.95,77.20),(1,'2015-02-01 10:00:00',14,0.41,48.23),(1,'2015-02-01 11:00:00',16,0.67,135.00),(1,'2015-02-01 12:00:00',3,0.27,43.81),(1,'2015-02-01 13:00:00',-6,0.79,105.31),(1,'2015-02-01 14:00:00',10,0.94,112.88),(1,'2015-02-01 15:00:00',4,0.20,180.24),(1,'2015-02-01 16:00:00',8,0.18,145.02),(1,'2015-02-01 17:00:00',15,0.77,103.50),(1,'2015-02-01 18:00:00',16,0.05,33.27),(1,'2015-02-01 19:00:00',-8,0.93,51.16),(1,'2015-02-01 20:00:00',9,0.50,134.75),(1,'2015-02-01 21:00:00',-1,0.71,168.67),(1,'2015-02-01 22:00:00',20,0.42,109.71),(1,'2015-02-01 23:00:00',1,0.15,27.45),(1,'2015-02-02 00:00:00',1,0.20,29.91),(1,'2015-02-02 01:00:00',11,0.06,138.99),(1,'2015-02-02 02:00:00',17,0.86,199.92),(1,'2015-02-02 03:00:00',-7,0.52,190.02),(1,'2015-02-02 04:00:00',1,1.00,79.90),(1,'2015-02-02 05:00:00',5,0.48,119.30),(1,'2015-02-02 06:00:00',-2,0.60,92.34),(1,'2015-02-02 07:00:00',15,0.02,115.07),(1,'2015-02-02 08:00:00',13,0.39,64.27),(1,'2015-02-02 09:00:00',12,0.67,42.83),(1,'2015-02-02 10:00:00',-9,0.55,108.81),(1,'2015-02-02 11:00:00',5,0.53,58.21),(1,'2015-02-02 12:00:00',-3,0.85,113.97),(1,'2015-02-02 13:00:00',4,0.39,143.79),(1,'2015-02-02 14:00:00',-3,0.94,154.52),(1,'2015-02-02 15:00:00',-2,0.24,46.55),(1,'2015-02-02 16:00:00',-7,0.91,84.61),(1,'2015-02-02 17:00:00',15,0.58,170.43),(1,'2015-02-02 18:00:00',12,0.08,126.25),(1,'2015-02-02 19:00:00',16,0.28,49.93),(1,'2015-02-02 20:00:00',2,0.94,199.69),(1,'2015-02-02 21:00:00',-2,0.22,92.36),(1,'2015-02-02 22:00:00',-10,0.09,122.55),(1,'2015-02-02 23:00:00',2,0.10,193.87),(1,'2015-02-03 00:00:00',11,0.69,188.52),(1,'2015-02-03 01:00:00',-1,0.25,175.68),(1,'2015-02-03 02:00:00',4,0.78,183.24),(1,'2015-02-03 03:00:00',8,0.41,31.97),(1,'2015-02-03 04:00:00',4,0.33,160.06),(1,'2015-02-03 05:00:00',7,0.52,72.06),(1,'2015-02-03 06:00:00',5,0.39,179.45),(1,'2015-02-03 07:00:00',7,0.20,82.50),(1,'2015-02-03 08:00:00',14,0.33,118.44),(1,'2015-02-03 09:00:00',5,0.27,24.52),(1,'2015-02-03 10:00:00',15,0.13,63.08),(1,'2015-02-03 11:00:00',-9,0.61,54.54),(1,'2015-02-03 12:00:00',-10,0.30,22.04),(1,'2015-02-03 13:00:00',3,0.31,169.64),(1,'2015-02-03 14:00:00',1,0.11,110.52),(1,'2015-02-03 15:00:00',2,0.40,109.67),(1,'2015-02-03 16:00:00',1,0.26,86.78),(1,'2015-02-03 17:00:00',20,0.48,160.61),(1,'2015-02-03 18:00:00',7,0.90,63.82),(1,'2015-02-03 19:00:00',16,0.83,198.28),(1,'2015-02-03 20:00:00',11,0.02,64.64),(1,'2015-02-03 21:00:00',-3,0.76,162.07),(1,'2015-02-03 22:00:00',18,0.52,40.36),(1,'2015-02-03 23:00:00',18,0.69,78.01),(1,'2015-02-04 00:00:00',15,0.65,122.97),(1,'2015-02-04 01:00:00',-6,0.27,150.77),(1,'2015-02-04 02:00:00',12,0.09,196.29),(1,'2015-02-04 03:00:00',15,0.69,34.03),(1,'2015-02-04 04:00:00',-6,0.14,128.77),(1,'2015-02-04 05:00:00',5,0.29,144.16),(1,'2015-02-04 06:00:00',0,0.58,43.34),(1,'2015-02-04 07:00:00',2,0.66,92.08),(1,'2015-02-04 08:00:00',6,0.59,83.88),(1,'2015-02-04 09:00:00',13,0.10,36.08),(1,'2015-02-04 10:00:00',17,0.21,155.49),(1,'2015-02-04 11:00:00',4,0.06,58.32),(1,'2015-02-04 12:00:00',-8,0.38,42.69),(1,'2015-02-04 13:00:00',-7,0.35,115.33),(1,'2015-02-04 14:00:00',15,0.12,130.12),(1,'2015-02-04 15:00:00',13,0.20,105.68),(1,'2015-02-04 16:00:00',6,0.88,71.79),(1,'2015-02-04 17:00:00',7,0.46,80.77),(1,'2015-02-04 18:00:00',5,0.86,154.54),(1,'2015-02-04 19:00:00',8,0.10,59.30),(1,'2015-02-04 20:00:00',15,0.98,71.67),(1,'2015-02-04 21:00:00',0,0.02,140.08),(1,'2015-02-04 22:00:00',14,0.13,74.96),(1,'2015-02-04 23:00:00',20,0.24,146.84),(1,'2015-02-05 00:00:00',15,0.02,158.78),(1,'2015-02-05 01:00:00',19,0.91,195.59),(1,'2015-02-05 02:00:00',17,0.72,79.54),(1,'2015-02-05 03:00:00',-10,0.58,182.75),(1,'2015-02-05 04:00:00',3,0.87,165.60),(1,'2015-02-05 05:00:00',17,0.83,152.89),(1,'2015-02-05 06:00:00',3,0.98,138.99),(1,'2015-02-05 07:00:00',11,0.95,191.63),(1,'2015-02-05 08:00:00',-3,0.49,57.29),(1,'2015-02-05 09:00:00',13,0.71,144.39),(1,'2015-02-05 10:00:00',7,0.24,142.10),(1,'2015-02-05 11:00:00',-7,0.05,193.55),(1,'2015-02-05 12:00:00',-9,0.98,86.06),(1,'2015-02-05 13:00:00',-7,0.64,129.07),(1,'2015-02-05 14:00:00',14,0.46,173.65),(1,'2015-02-05 15:00:00',11,0.76,118.80),(1,'2015-02-05 16:00:00',2,0.54,115.88),(1,'2015-02-05 17:00:00',12,0.31,33.11),(1,'2015-02-05 18:00:00',0,0.13,74.60),(1,'2015-02-05 19:00:00',10,0.71,82.68),(1,'2015-02-05 20:00:00',8,0.35,60.93),(1,'2015-02-05 21:00:00',7,0.47,169.65),(1,'2015-02-05 22:00:00',17,0.98,68.48),(1,'2015-02-05 23:00:00',0,0.11,113.65),(1,'2015-02-06 00:00:00',14,0.65,178.50),(1,'2015-02-06 01:00:00',-1,0.30,90.11),(1,'2015-02-06 02:00:00',-8,0.09,73.17),(1,'2015-02-06 03:00:00',9,0.57,141.33),(1,'2015-02-06 04:00:00',-1,0.38,98.42),(1,'2015-02-06 05:00:00',20,0.47,173.47),(1,'2015-02-06 06:00:00',10,0.63,21.03),(1,'2015-02-06 07:00:00',-2,0.60,82.31),(1,'2015-02-06 08:00:00',17,0.99,54.50),(1,'2015-02-06 09:00:00',18,0.49,177.46),(1,'2015-02-06 10:00:00',13,0.67,26.81),(1,'2015-02-06 11:00:00',10,0.43,142.81),(1,'2015-02-06 12:00:00',-8,0.88,153.23),(1,'2015-02-06 13:00:00',18,0.57,199.92),(1,'2015-02-06 14:00:00',14,0.62,133.96),(1,'2015-02-06 15:00:00',12,0.55,26.72),(1,'2015-02-06 16:00:00',14,0.30,138.96),(1,'2015-02-06 17:00:00',4,0.91,113.55),(1,'2015-02-06 18:00:00',9,0.26,42.67),(1,'2015-02-06 19:00:00',-9,0.14,161.03),(1,'2015-02-06 20:00:00',-8,0.61,65.31),(1,'2015-02-06 21:00:00',3,0.46,152.44),(1,'2015-02-06 22:00:00',6,0.46,80.75),(1,'2015-02-06 23:00:00',-10,0.52,138.99),(1,'2015-02-07 00:00:00',-5,0.66,140.00),(1,'2015-02-07 01:00:00',-6,0.37,22.36),(1,'2015-02-07 02:00:00',-3,0.67,54.81),(1,'2015-02-07 03:00:00',-1,0.53,29.43),(1,'2015-02-07 04:00:00',-5,0.57,149.31),(1,'2015-02-07 05:00:00',-3,0.84,156.84),(1,'2015-02-07 06:00:00',16,0.60,118.46),(1,'2015-02-07 07:00:00',-9,0.32,27.74),(1,'2015-02-07 08:00:00',19,0.02,190.58),(1,'2015-02-07 09:00:00',3,0.92,165.03),(1,'2015-02-07 10:00:00',-9,0.90,41.64),(1,'2015-02-07 11:00:00',19,0.24,99.88),(1,'2015-02-07 12:00:00',11,0.36,67.75),(1,'2015-02-07 13:00:00',-3,0.80,84.40),(1,'2015-02-07 14:00:00',20,0.16,128.33),(1,'2015-02-07 15:00:00',19,0.67,38.15),(1,'2015-02-07 16:00:00',-7,0.29,148.69),(1,'2015-02-07 17:00:00',12,0.47,125.49),(1,'2015-02-07 18:00:00',-2,0.67,76.57),(1,'2015-02-07 19:00:00',14,0.50,101.80),(1,'2015-02-07 20:00:00',5,0.08,155.83),(1,'2015-02-07 21:00:00',6,0.89,187.06),(1,'2015-02-07 22:00:00',14,0.14,31.43),(1,'2015-02-07 23:00:00',20,0.50,80.17),(1,'2015-02-08 00:00:00',2,0.53,21.18),(1,'2015-02-08 01:00:00',10,0.41,171.50),(1,'2015-02-08 02:00:00',13,0.48,75.30),(1,'2015-02-08 03:00:00',-3,0.93,21.44),(1,'2015-02-08 04:00:00',17,0.73,31.78),(1,'2015-02-08 05:00:00',-10,0.90,88.71),(1,'2015-02-08 06:00:00',-3,0.34,45.00),(1,'2015-02-08 07:00:00',-6,0.03,187.44),(1,'2015-02-08 08:00:00',9,0.65,129.65),(1,'2015-02-08 09:00:00',-2,0.66,42.16),(1,'2015-02-08 10:00:00',-10,0.60,72.86),(1,'2015-02-08 11:00:00',18,0.45,86.80),(1,'2015-02-08 12:00:00',-6,0.61,111.04),(1,'2015-02-08 13:00:00',10,0.20,51.49),(1,'2015-02-08 14:00:00',17,0.09,198.28),(1,'2015-02-08 15:00:00',-9,0.02,101.35),(1,'2015-02-08 16:00:00',18,0.47,191.09),(1,'2015-02-08 17:00:00',12,0.52,106.87),(1,'2015-02-08 18:00:00',19,0.57,107.27),(1,'2015-02-08 19:00:00',-4,0.43,194.22),(1,'2015-02-08 20:00:00',-5,0.54,197.69),(1,'2015-02-08 21:00:00',10,0.81,79.91),(1,'2015-02-08 22:00:00',11,0.61,116.69),(1,'2015-02-08 23:00:00',6,0.07,155.93),(1,'2015-02-09 00:00:00',-8,0.73,136.06),(1,'2015-02-09 01:00:00',9,0.21,196.85),(1,'2015-02-09 02:00:00',-6,0.02,134.68),(1,'2015-02-09 03:00:00',-10,0.57,171.37),(1,'2015-02-09 04:00:00',19,0.02,189.48),(1,'2015-02-09 05:00:00',5,0.16,184.02),(1,'2015-02-09 06:00:00',11,0.74,28.78),(1,'2015-02-09 07:00:00',7,0.96,51.00),(1,'2015-02-09 08:00:00',-5,0.68,173.44),(1,'2015-02-09 09:00:00',10,0.12,170.38),(1,'2015-02-09 10:00:00',14,0.83,52.26),(1,'2015-02-09 11:00:00',3,0.41,98.62),(1,'2015-02-09 12:00:00',5,0.75,93.38),(1,'2015-02-09 13:00:00',-10,0.25,169.07),(1,'2015-02-09 14:00:00',10,0.68,51.45),(1,'2015-02-09 15:00:00',1,0.23,137.97),(1,'2015-02-09 16:00:00',-10,0.85,88.57),(1,'2015-02-09 17:00:00',16,0.61,117.38),(1,'2015-02-09 18:00:00',0,0.75,181.96),(1,'2015-02-09 19:00:00',-6,0.30,192.58),(1,'2015-02-09 20:00:00',16,0.66,161.05),(1,'2015-02-09 21:00:00',-8,0.56,76.63),(1,'2015-02-09 22:00:00',7,0.23,136.41),(1,'2015-02-09 23:00:00',-3,0.04,165.89),(1,'2015-02-10 00:00:00',6,0.28,170.70),(1,'2015-02-10 01:00:00',5,0.05,93.02),(1,'2015-02-10 02:00:00',-8,0.55,36.34),(1,'2015-02-10 03:00:00',-3,0.19,25.98),(1,'2015-02-10 04:00:00',-10,0.57,113.56),(1,'2015-02-10 05:00:00',18,0.37,130.15),(1,'2015-02-10 06:00:00',1,0.90,39.90),(1,'2015-02-10 07:00:00',10,0.27,151.96),(1,'2015-02-10 08:00:00',-4,0.29,108.52),(1,'2015-02-10 09:00:00',6,0.59,149.29),(1,'2015-02-10 10:00:00',10,0.26,148.32),(1,'2015-02-10 11:00:00',-2,0.31,161.33),(1,'2015-02-10 12:00:00',-6,0.41,168.94),(1,'2015-02-10 13:00:00',11,0.95,65.85),(1,'2015-02-10 14:00:00',-10,0.98,119.77),(1,'2015-02-10 15:00:00',6,0.23,23.04),(1,'2015-02-10 16:00:00',-10,0.77,156.40),(1,'2015-02-10 17:00:00',-6,0.64,144.67),(1,'2015-02-10 18:00:00',-10,0.13,183.07),(1,'2015-02-10 19:00:00',20,0.62,170.42),(1,'2015-02-10 20:00:00',15,0.77,106.28),(1,'2015-02-10 21:00:00',18,0.46,93.55),(1,'2015-02-10 22:00:00',10,0.47,39.22),(1,'2015-02-10 23:00:00',-9,0.14,49.20),(1,'2015-02-11 00:00:00',-9,0.72,195.36),(1,'2015-02-11 01:00:00',15,0.74,76.15),(1,'2015-02-11 02:00:00',11,0.39,60.14),(1,'2015-02-11 03:00:00',7,0.71,192.87),(1,'2015-02-11 04:00:00',4,0.69,118.78),(1,'2015-02-11 05:00:00',-9,0.99,163.51),(1,'2015-02-11 06:00:00',4,0.48,151.66),(1,'2015-02-11 07:00:00',10,0.86,182.52),(1,'2015-02-11 08:00:00',18,0.63,107.46),(1,'2015-02-11 09:00:00',11,0.86,84.07),(1,'2015-02-11 10:00:00',17,0.91,134.80),(1,'2015-02-11 11:00:00',-9,0.47,66.49),(1,'2015-02-11 12:00:00',-3,0.07,106.16),(1,'2015-02-11 13:00:00',4,0.45,95.79),(1,'2015-02-11 14:00:00',-6,0.80,29.76),(1,'2015-02-11 15:00:00',17,0.91,128.95),(1,'2015-02-11 16:00:00',11,0.91,51.12),(1,'2015-02-11 17:00:00',-9,0.69,92.68),(1,'2015-02-11 18:00:00',-7,0.53,47.37),(1,'2015-02-11 19:00:00',4,0.19,25.13),(1,'2015-02-11 20:00:00',-9,0.87,132.17),(1,'2015-02-11 21:00:00',-1,0.02,101.88),(1,'2015-02-11 22:00:00',14,0.60,88.24),(1,'2015-02-11 23:00:00',14,0.39,30.55),(1,'2015-02-12 00:00:00',4,0.28,54.60),(1,'2015-02-12 01:00:00',14,0.40,155.06),(1,'2015-02-12 02:00:00',10,0.77,104.65),(1,'2015-02-12 03:00:00',2,0.51,112.68),(1,'2015-02-12 04:00:00',-1,0.77,67.82),(1,'2015-02-12 05:00:00',-1,0.47,107.88),(1,'2015-02-12 06:00:00',12,0.33,191.74),(1,'2015-02-12 07:00:00',1,0.08,170.31),(1,'2015-02-12 08:00:00',16,0.36,56.51),(1,'2015-02-12 09:00:00',16,0.10,182.70),(1,'2015-02-12 10:00:00',2,0.97,43.87),(1,'2015-02-12 11:00:00',-8,0.63,175.26),(1,'2015-02-12 12:00:00',20,0.95,42.05),(1,'2015-02-12 13:00:00',7,0.43,169.44),(1,'2015-02-12 14:00:00',15,0.48,131.64),(1,'2015-02-12 15:00:00',-2,0.71,126.51),(1,'2015-02-12 16:00:00',-3,0.13,36.40),(1,'2015-02-12 17:00:00',14,0.50,147.98),(1,'2015-02-12 18:00:00',5,0.95,196.83),(1,'2015-02-12 19:00:00',12,0.31,28.91),(1,'2015-02-12 20:00:00',2,0.80,189.38),(1,'2015-02-12 21:00:00',-3,0.11,166.40),(1,'2015-02-12 22:00:00',-7,0.56,160.86),(1,'2015-02-12 23:00:00',8,0.94,30.39),(1,'2015-02-13 00:00:00',7,0.89,114.18),(1,'2015-02-13 01:00:00',20,0.94,61.46),(1,'2015-02-13 02:00:00',13,0.68,83.57),(1,'2015-02-13 03:00:00',7,0.57,194.36),(1,'2015-02-13 04:00:00',16,0.06,147.36),(1,'2015-02-13 05:00:00',-5,0.70,152.59),(1,'2015-02-13 06:00:00',8,0.81,59.42),(1,'2015-02-13 07:00:00',-1,0.49,38.41),(1,'2015-02-13 08:00:00',13,0.62,170.02),(1,'2015-02-13 09:00:00',15,0.29,89.92),(1,'2015-02-13 10:00:00',16,0.56,55.95),(1,'2015-02-13 11:00:00',5,0.07,142.47),(1,'2015-02-13 12:00:00',6,0.68,116.73),(1,'2015-02-13 13:00:00',0,0.17,29.57),(1,'2015-02-13 14:00:00',-5,0.85,180.28),(1,'2015-02-13 15:00:00',-2,0.80,180.16),(1,'2015-02-13 16:00:00',6,0.72,56.40),(1,'2015-02-13 17:00:00',-10,0.67,66.29),(1,'2015-02-13 18:00:00',18,0.10,118.80),(1,'2015-02-13 19:00:00',15,0.04,166.93),(1,'2015-02-13 20:00:00',4,0.63,82.24),(1,'2015-02-13 21:00:00',-1,0.26,126.49),(1,'2015-02-13 22:00:00',14,0.05,101.33),(1,'2015-02-13 23:00:00',7,1.00,29.57),(1,'2015-02-14 00:00:00',-8,0.46,74.45),(1,'2015-02-14 01:00:00',5,0.22,99.86),(1,'2015-02-14 02:00:00',17,0.99,141.34),(1,'2015-02-14 03:00:00',-7,0.15,153.54),(1,'2015-02-14 04:00:00',18,0.55,102.21),(1,'2015-02-14 05:00:00',-7,0.65,127.17),(1,'2015-02-14 06:00:00',13,0.82,91.76),(1,'2015-02-14 07:00:00',14,0.02,188.62),(1,'2015-02-14 08:00:00',13,0.36,90.27),(1,'2015-02-14 09:00:00',-3,0.68,149.18),(1,'2015-02-14 10:00:00',5,0.17,24.45),(1,'2015-02-14 11:00:00',17,0.64,60.67),(1,'2015-02-14 12:00:00',-1,0.74,68.48),(1,'2015-02-14 13:00:00',11,0.00,181.90),(1,'2015-02-14 14:00:00',16,0.08,48.04),(1,'2015-02-14 15:00:00',4,0.14,109.93),(1,'2015-02-14 16:00:00',13,0.20,132.43),(1,'2015-02-14 17:00:00',11,0.84,67.78),(1,'2015-02-14 18:00:00',-7,0.45,179.37),(1,'2015-02-14 19:00:00',-5,0.27,66.54),(1,'2015-02-14 20:00:00',-6,0.56,192.94),(1,'2015-02-14 21:00:00',4,0.65,82.97),(1,'2015-02-14 22:00:00',4,0.63,137.63),(1,'2015-02-14 23:00:00',13,0.16,159.72),(1,'2015-02-15 00:00:00',-9,0.01,85.62),(1,'2015-02-15 01:00:00',-8,0.64,116.52),(1,'2015-02-15 02:00:00',15,0.22,166.28),(1,'2015-02-15 03:00:00',7,0.96,27.75),(1,'2015-02-15 04:00:00',4,0.53,182.55),(1,'2015-02-15 05:00:00',1,0.59,163.20),(1,'2015-02-15 06:00:00',16,0.63,107.34),(1,'2015-02-15 07:00:00',13,0.04,106.90),(1,'2015-02-15 08:00:00',-2,0.28,175.63),(1,'2015-02-15 09:00:00',3,0.23,182.48),(1,'2015-02-15 10:00:00',5,0.83,24.47),(1,'2015-02-15 11:00:00',12,0.09,195.75),(1,'2015-02-15 12:00:00',1,0.23,99.38),(1,'2015-02-15 13:00:00',-2,0.82,159.56),(1,'2015-02-15 14:00:00',-2,0.44,52.69),(1,'2015-02-15 15:00:00',6,0.20,133.37),(1,'2015-02-15 16:00:00',7,0.87,63.56),(1,'2015-02-15 17:00:00',10,0.35,198.60),(1,'2015-02-15 18:00:00',8,0.19,184.42),(1,'2015-02-15 19:00:00',-4,0.56,96.77),(1,'2015-02-15 20:00:00',-4,0.01,149.24),(1,'2015-02-15 21:00:00',-6,0.27,70.24),(1,'2015-02-15 22:00:00',-1,0.19,98.28),(1,'2015-02-15 23:00:00',-2,0.24,184.84),(1,'2015-02-16 00:00:00',9,0.36,92.20),(1,'2015-02-16 01:00:00',15,0.40,132.91),(1,'2015-02-16 02:00:00',20,0.03,123.74),(1,'2015-02-16 03:00:00',10,0.27,157.90),(1,'2015-02-16 04:00:00',11,0.15,66.75),(1,'2015-02-16 05:00:00',20,0.77,122.61),(1,'2015-02-16 06:00:00',9,0.51,199.27),(1,'2015-02-16 07:00:00',20,0.47,167.57),(1,'2015-02-16 08:00:00',7,0.99,173.24),(1,'2015-02-16 09:00:00',-3,0.13,114.84),(1,'2015-02-16 10:00:00',13,0.97,163.06),(1,'2015-02-16 11:00:00',-7,0.13,148.04),(1,'2015-02-16 12:00:00',-7,0.94,182.05),(1,'2015-02-16 13:00:00',0,0.49,168.18),(1,'2015-02-16 14:00:00',16,0.65,69.74),(1,'2015-02-16 15:00:00',0,0.66,25.11),(1,'2015-02-16 16:00:00',10,0.24,158.03),(1,'2015-02-16 17:00:00',8,0.65,107.21),(1,'2015-02-16 18:00:00',-9,0.83,138.60),(1,'2015-02-16 19:00:00',-10,0.21,100.75),(1,'2015-02-16 20:00:00',8,0.54,27.58),(1,'2015-02-16 21:00:00',1,0.08,81.55),(1,'2015-02-16 22:00:00',0,0.20,120.36),(1,'2015-02-16 23:00:00',-7,0.38,84.14),(1,'2015-02-17 00:00:00',5,0.38,175.67),(1,'2015-02-17 01:00:00',-10,0.51,100.45),(1,'2015-02-17 02:00:00',2,0.83,189.07),(1,'2015-02-17 03:00:00',3,0.98,109.92),(1,'2015-02-17 04:00:00',-10,0.97,164.99),(1,'2015-02-17 05:00:00',9,0.19,127.86),(1,'2015-02-17 06:00:00',6,0.39,50.94),(1,'2015-02-17 07:00:00',16,0.79,178.22),(1,'2015-02-17 08:00:00',-9,0.39,82.68),(1,'2015-02-17 09:00:00',1,0.28,98.56),(1,'2015-02-17 10:00:00',-9,0.85,168.54),(1,'2015-02-17 11:00:00',15,0.42,184.00),(1,'2015-02-17 12:00:00',9,0.01,185.34),(1,'2015-02-17 13:00:00',8,0.13,194.93),(1,'2015-02-17 14:00:00',-3,0.62,21.94),(1,'2015-02-17 15:00:00',-5,0.67,124.98),(1,'2015-02-17 16:00:00',-6,0.76,27.02),(1,'2015-02-17 17:00:00',5,0.05,120.75),(1,'2015-02-17 18:00:00',4,0.96,99.19),(1,'2015-02-17 19:00:00',11,0.99,30.57),(1,'2015-02-17 20:00:00',1,0.20,95.91),(1,'2015-02-17 21:00:00',14,0.65,136.50),(1,'2015-02-17 22:00:00',-1,0.29,163.68),(1,'2015-02-17 23:00:00',18,0.31,136.21),(1,'2015-02-18 00:00:00',13,0.14,79.02),(1,'2015-02-18 01:00:00',13,0.42,108.67),(1,'2015-02-18 02:00:00',17,1.00,148.63),(1,'2015-02-18 03:00:00',-3,0.05,74.25),(1,'2015-02-18 04:00:00',-2,0.90,96.44),(1,'2015-02-18 05:00:00',-9,0.66,70.01),(1,'2015-02-18 06:00:00',11,0.79,197.61),(1,'2015-02-18 07:00:00',2,0.75,118.17),(1,'2015-02-18 08:00:00',1,0.05,179.91),(1,'2015-02-18 09:00:00',18,0.93,131.17),(1,'2015-02-18 10:00:00',5,0.18,152.80),(1,'2015-02-18 11:00:00',1,0.97,70.97),(1,'2015-02-18 12:00:00',19,0.49,67.64),(1,'2015-02-18 13:00:00',15,0.43,176.52),(1,'2015-02-18 14:00:00',18,0.84,109.74),(1,'2015-02-18 15:00:00',20,0.54,122.07),(1,'2015-02-18 16:00:00',7,0.68,132.57),(1,'2015-02-18 17:00:00',18,0.91,32.17),(1,'2015-02-18 18:00:00',-8,0.91,182.05),(1,'2015-02-18 19:00:00',12,0.79,179.32),(1,'2015-02-18 20:00:00',13,0.30,194.04),(1,'2015-02-18 21:00:00',18,0.43,130.68),(1,'2015-02-18 22:00:00',-8,0.10,38.60),(1,'2015-02-18 23:00:00',-10,0.11,127.63),(1,'2015-02-19 00:00:00',-6,0.93,65.66),(1,'2015-02-19 01:00:00',19,0.09,165.49),(1,'2015-02-19 02:00:00',6,0.34,199.34),(1,'2015-02-19 03:00:00',19,0.51,88.13),(1,'2015-02-19 04:00:00',-4,0.38,72.76),(1,'2015-02-19 05:00:00',1,0.01,98.31),(1,'2015-02-19 06:00:00',1,0.28,137.28),(1,'2015-02-19 07:00:00',15,0.33,122.64),(1,'2015-02-19 08:00:00',-6,0.96,186.93),(1,'2015-02-19 09:00:00',8,0.56,167.61),(1,'2015-02-19 10:00:00',17,0.09,189.09),(1,'2015-02-19 11:00:00',-8,0.44,180.64),(1,'2015-02-19 12:00:00',14,0.71,108.26),(1,'2015-02-19 13:00:00',-6,0.71,146.61),(1,'2015-02-19 14:00:00',8,0.79,31.26),(1,'2015-02-19 15:00:00',-7,0.70,86.84),(1,'2015-02-19 16:00:00',-4,0.82,60.81),(1,'2015-02-19 17:00:00',-8,0.83,106.59),(1,'2015-02-19 18:00:00',-9,0.60,190.38),(1,'2015-02-19 19:00:00',-5,0.37,190.74),(1,'2015-02-19 20:00:00',-8,0.66,28.29),(1,'2015-02-19 21:00:00',-9,0.37,117.43),(1,'2015-02-19 22:00:00',-4,0.15,57.43),(1,'2015-02-19 23:00:00',-7,0.55,115.83),(1,'2015-02-20 00:00:00',5,0.00,183.30),(1,'2015-02-20 01:00:00',-10,0.40,35.83),(1,'2015-02-20 02:00:00',-6,0.23,142.03),(1,'2015-02-20 03:00:00',4,0.02,122.35),(1,'2015-02-20 04:00:00',17,0.02,91.04),(1,'2015-02-20 05:00:00',10,0.33,90.16),(1,'2015-02-20 06:00:00',8,0.88,187.06),(1,'2015-02-20 07:00:00',-5,0.24,161.46),(1,'2015-02-20 08:00:00',-1,0.30,160.90),(1,'2015-02-20 09:00:00',-1,0.29,174.23),(1,'2015-02-20 10:00:00',11,0.77,167.50),(1,'2015-02-20 11:00:00',-10,0.11,135.81),(1,'2015-02-20 12:00:00',16,0.75,44.58),(1,'2015-02-20 13:00:00',-10,0.65,155.90),(1,'2015-02-20 14:00:00',-4,0.58,151.90),(1,'2015-02-20 15:00:00',-5,0.36,53.09),(1,'2015-02-20 16:00:00',6,0.23,159.79),(1,'2015-02-20 17:00:00',17,0.43,143.72),(1,'2015-02-20 18:00:00',8,0.63,148.79),(1,'2015-02-20 19:00:00',4,0.14,23.16),(1,'2015-02-20 20:00:00',-1,0.93,78.13),(1,'2015-02-20 21:00:00',10,0.28,40.51),(1,'2015-02-20 22:00:00',16,0.52,22.00),(1,'2015-02-20 23:00:00',10,0.44,169.46),(1,'2015-02-21 00:00:00',13,0.98,141.97),(1,'2015-02-21 01:00:00',10,0.78,70.72),(1,'2015-02-21 02:00:00',19,0.56,174.98),(1,'2015-02-21 03:00:00',17,0.95,31.10),(1,'2015-02-21 04:00:00',8,0.91,29.99),(1,'2015-02-21 05:00:00',16,0.77,74.02),(1,'2015-02-21 06:00:00',18,0.33,58.38),(1,'2015-02-21 07:00:00',-4,0.44,199.43),(1,'2015-02-21 08:00:00',-5,0.20,95.46),(1,'2015-02-21 09:00:00',5,0.94,25.51),(1,'2015-02-21 10:00:00',-1,0.88,27.48),(1,'2015-02-21 11:00:00',17,0.28,90.90),(1,'2015-02-21 12:00:00',3,0.82,161.85),(1,'2015-02-21 13:00:00',8,0.44,67.74),(1,'2015-02-21 14:00:00',13,0.67,175.81),(1,'2015-02-21 15:00:00',10,0.21,69.57),(1,'2015-02-21 16:00:00',15,0.76,85.32),(1,'2015-02-21 17:00:00',-6,0.48,78.68),(1,'2015-02-21 18:00:00',12,0.28,199.21),(1,'2015-02-21 19:00:00',8,0.35,142.44),(1,'2015-02-21 20:00:00',10,0.56,117.59),(1,'2015-02-21 21:00:00',0,0.20,62.12),(1,'2015-02-21 22:00:00',14,0.58,113.26),(1,'2015-02-21 23:00:00',4,0.18,167.72),(1,'2015-02-22 00:00:00',-8,0.76,199.77),(1,'2015-02-22 01:00:00',-6,1.00,74.03),(1,'2015-02-22 02:00:00',12,0.08,71.32),(1,'2015-02-22 03:00:00',11,0.53,118.05),(1,'2015-02-22 04:00:00',1,0.52,199.26),(1,'2015-02-22 05:00:00',14,0.76,42.11),(1,'2015-02-22 06:00:00',0,0.38,78.40),(1,'2015-02-22 07:00:00',-5,0.67,150.17),(1,'2015-02-22 08:00:00',1,0.99,144.02),(1,'2015-02-22 09:00:00',10,0.75,89.85),(1,'2015-02-22 10:00:00',4,0.41,147.85),(1,'2015-02-22 11:00:00',-2,0.43,53.61),(1,'2015-02-22 12:00:00',-6,0.90,121.64),(1,'2015-02-22 13:00:00',14,0.67,162.19),(1,'2015-02-22 14:00:00',6,0.23,161.91),(1,'2015-02-22 15:00:00',9,0.02,115.35),(1,'2015-02-22 16:00:00',-1,0.07,112.59),(1,'2015-02-22 17:00:00',3,0.78,154.16),(1,'2015-02-22 18:00:00',20,0.93,119.25),(1,'2015-02-22 19:00:00',13,0.42,157.59),(1,'2015-02-22 20:00:00',8,0.23,37.33),(1,'2015-02-22 21:00:00',-1,0.59,52.87),(1,'2015-02-22 22:00:00',-1,0.15,66.85),(1,'2015-02-22 23:00:00',0,0.80,91.39),(1,'2015-02-23 00:00:00',18,0.48,117.42),(1,'2015-02-23 01:00:00',6,0.62,142.00),(1,'2015-02-23 02:00:00',-7,0.07,53.13),(1,'2015-02-23 03:00:00',-1,0.53,175.67),(1,'2015-02-23 04:00:00',-5,0.90,182.35),(1,'2015-02-23 05:00:00',-1,0.24,65.75),(1,'2015-02-23 06:00:00',20,0.97,33.28),(1,'2015-02-23 07:00:00',20,0.16,195.74),(1,'2015-02-23 08:00:00',5,0.45,149.16),(1,'2015-02-23 09:00:00',18,0.46,62.67),(1,'2015-02-23 10:00:00',19,1.00,183.47),(1,'2015-02-23 11:00:00',19,0.41,100.92),(1,'2015-02-23 12:00:00',19,0.67,105.15),(1,'2015-02-23 13:00:00',-6,0.60,83.87),(1,'2015-02-23 14:00:00',7,0.58,152.56),(1,'2015-02-23 15:00:00',-2,0.63,100.51),(1,'2015-02-23 16:00:00',10,0.52,38.96),(1,'2015-02-23 17:00:00',-1,0.39,75.95),(1,'2015-02-23 18:00:00',1,0.40,188.22),(1,'2015-02-23 19:00:00',-9,0.78,68.21),(1,'2015-02-23 20:00:00',20,0.06,183.65),(1,'2015-02-23 21:00:00',-10,0.42,136.00),(1,'2015-02-23 22:00:00',20,0.52,50.43),(1,'2015-02-23 23:00:00',-8,0.73,59.28),(1,'2015-02-24 00:00:00',5,0.84,121.89),(1,'2015-02-24 01:00:00',-10,0.07,88.47),(1,'2015-02-24 02:00:00',-7,0.15,172.95),(1,'2015-02-24 03:00:00',17,0.09,67.39),(1,'2015-02-24 04:00:00',14,0.80,43.04),(1,'2015-02-24 05:00:00',9,0.25,113.01),(1,'2015-02-24 06:00:00',3,0.04,124.01),(1,'2015-02-24 07:00:00',-4,0.01,130.08),(1,'2015-02-24 08:00:00',15,0.46,112.59),(1,'2015-02-24 09:00:00',-6,0.85,40.79),(1,'2015-02-24 10:00:00',-5,0.16,128.49),(1,'2015-02-24 11:00:00',8,0.35,191.43),(1,'2015-02-24 12:00:00',-9,0.23,112.47),(1,'2015-02-24 13:00:00',-4,0.57,32.82),(1,'2015-02-24 14:00:00',2,0.34,64.75),(1,'2015-02-24 15:00:00',3,0.25,139.99),(1,'2015-02-24 16:00:00',1,0.25,193.31),(1,'2015-02-24 17:00:00',7,0.44,127.35),(1,'2015-02-24 18:00:00',14,0.70,105.09),(1,'2015-02-24 19:00:00',10,0.27,155.19),(1,'2015-02-24 20:00:00',2,0.43,191.53),(1,'2015-02-24 21:00:00',12,0.26,96.94),(1,'2015-02-24 22:00:00',-8,0.56,106.46),(1,'2015-02-24 23:00:00',9,0.67,185.84),(1,'2015-02-25 00:00:00',20,0.22,60.36),(1,'2015-02-25 01:00:00',15,0.86,75.62),(1,'2015-02-25 02:00:00',-1,0.67,177.07),(1,'2015-02-25 03:00:00',-7,0.81,124.95),(1,'2015-02-25 04:00:00',9,0.54,185.95),(1,'2015-02-25 05:00:00',12,0.14,182.07),(1,'2015-02-25 06:00:00',14,0.93,138.53),(1,'2015-02-25 07:00:00',16,0.82,57.56),(1,'2015-02-25 08:00:00',6,0.67,52.43),(1,'2015-02-25 09:00:00',15,0.83,87.51),(1,'2015-02-25 10:00:00',-2,0.02,113.97),(1,'2015-02-25 11:00:00',-6,0.20,130.51),(1,'2015-02-25 12:00:00',2,0.40,193.54),(1,'2015-02-25 13:00:00',15,0.72,34.74),(1,'2015-02-25 14:00:00',-5,0.27,33.45),(1,'2015-02-25 15:00:00',18,0.62,129.28),(1,'2015-02-25 16:00:00',9,0.01,156.05),(1,'2015-02-25 17:00:00',7,0.43,180.28),(1,'2015-02-25 18:00:00',4,0.67,160.40),(1,'2015-02-25 19:00:00',3,0.24,172.62),(1,'2015-02-25 20:00:00',-6,0.79,101.86),(1,'2015-02-25 21:00:00',9,0.61,56.88),(1,'2015-02-25 22:00:00',3,0.94,132.64),(1,'2015-02-25 23:00:00',-3,0.65,43.91),(1,'2015-02-26 00:00:00',10,0.28,40.69),(1,'2015-02-26 01:00:00',20,0.55,146.96),(1,'2015-02-26 02:00:00',12,0.83,193.55),(1,'2015-02-26 03:00:00',16,0.37,67.77),(1,'2015-02-26 04:00:00',16,0.44,172.60),(1,'2015-02-26 05:00:00',-1,0.55,182.24),(1,'2015-02-26 06:00:00',-10,0.91,94.84),(1,'2015-02-26 07:00:00',16,0.29,31.49),(1,'2015-02-26 08:00:00',9,0.92,62.23),(1,'2015-02-26 09:00:00',19,0.61,159.38),(1,'2015-02-26 10:00:00',-10,0.45,145.89),(1,'2015-02-26 11:00:00',20,0.83,66.96),(1,'2015-02-26 12:00:00',4,0.49,198.42),(1,'2015-02-26 13:00:00',-4,0.47,155.47),(1,'2015-02-26 14:00:00',4,0.12,156.86),(1,'2015-02-26 15:00:00',12,0.64,43.62),(1,'2015-02-26 16:00:00',-1,0.88,82.44),(1,'2015-02-26 17:00:00',13,0.87,178.11),(1,'2015-02-26 18:00:00',9,0.72,50.21),(1,'2015-02-26 19:00:00',-9,0.81,111.77),(1,'2015-02-26 20:00:00',12,0.14,139.60),(1,'2015-02-26 21:00:00',3,0.24,52.17),(1,'2015-02-26 22:00:00',-4,0.89,40.95),(1,'2015-02-26 23:00:00',12,0.62,77.53),(1,'2015-02-27 00:00:00',0,0.40,118.17),(1,'2015-02-27 01:00:00',12,0.18,85.91),(1,'2015-02-27 02:00:00',-6,0.32,103.24),(1,'2015-02-27 03:00:00',9,0.76,184.49),(1,'2015-02-27 04:00:00',16,0.02,129.56),(1,'2015-02-27 05:00:00',17,0.67,78.28),(1,'2015-02-27 06:00:00',0,0.32,135.28),(1,'2015-02-27 07:00:00',6,0.23,180.47),(1,'2015-02-27 08:00:00',9,0.91,187.40),(1,'2015-02-27 09:00:00',-1,0.60,179.67),(1,'2015-02-27 10:00:00',10,0.10,186.31),(1,'2015-02-27 11:00:00',-2,0.16,180.67),(1,'2015-02-27 12:00:00',9,0.08,113.12),(1,'2015-02-27 13:00:00',-9,0.97,32.70),(1,'2015-02-27 14:00:00',-3,0.68,33.96),(1,'2015-02-27 15:00:00',7,0.01,44.13),(1,'2015-02-27 16:00:00',13,0.15,25.92),(1,'2015-02-27 17:00:00',0,0.19,128.86),(1,'2015-02-27 18:00:00',10,0.31,163.24),(1,'2015-02-27 19:00:00',15,0.11,51.77),(1,'2015-02-27 20:00:00',-9,0.46,79.47),(1,'2015-02-27 21:00:00',3,0.43,38.64),(1,'2015-02-27 22:00:00',-2,0.53,177.49),(1,'2015-02-27 23:00:00',18,0.20,175.36),(1,'2015-02-28 00:00:00',8,0.96,84.68),(1,'2015-02-28 01:00:00',-7,0.22,53.15),(1,'2015-02-28 02:00:00',13,0.12,62.06),(1,'2015-02-28 03:00:00',19,0.90,143.01),(1,'2015-02-28 04:00:00',14,0.03,174.72),(1,'2015-02-28 05:00:00',-6,0.45,199.66),(1,'2015-02-28 06:00:00',3,0.03,80.76),(1,'2015-02-28 07:00:00',8,0.38,166.39),(1,'2015-02-28 08:00:00',18,0.27,164.98),(1,'2015-02-28 09:00:00',15,0.43,129.30),(1,'2015-02-28 10:00:00',-5,0.31,57.90),(1,'2015-02-28 11:00:00',10,0.39,121.69),(1,'2015-02-28 12:00:00',16,0.91,93.21),(1,'2015-02-28 13:00:00',-10,0.12,102.62),(1,'2015-02-28 14:00:00',-3,0.13,81.77),(1,'2015-02-28 15:00:00',3,0.25,176.24),(1,'2015-02-28 16:00:00',-10,0.18,73.52),(1,'2015-02-28 17:00:00',2,0.30,43.49),(1,'2015-02-28 18:00:00',-10,0.58,80.19),(1,'2015-02-28 19:00:00',19,0.09,177.40),(1,'2015-02-28 20:00:00',12,0.81,22.25),(1,'2015-02-28 21:00:00',-9,0.72,65.85),(1,'2015-02-28 22:00:00',14,0.26,172.66),(1,'2015-02-28 23:00:00',-9,0.48,195.90),(1,'2015-03-01 00:00:00',2,0.83,102.24),(1,'2015-03-01 01:00:00',-3,0.32,192.59),(1,'2015-03-01 02:00:00',1,0.19,107.47),(1,'2015-03-01 03:00:00',-8,0.53,187.14),(1,'2015-03-01 04:00:00',5,0.74,45.04),(1,'2015-03-01 05:00:00',20,0.91,138.85),(1,'2015-03-01 06:00:00',18,0.13,199.78),(1,'2015-03-01 07:00:00',17,0.85,60.09),(1,'2015-03-01 08:00:00',-6,0.48,68.36),(1,'2015-03-01 09:00:00',15,0.06,129.37),(1,'2015-03-01 10:00:00',12,0.33,74.37),(1,'2015-03-01 11:00:00',-7,0.87,138.76),(1,'2015-03-01 12:00:00',12,0.79,189.04),(1,'2015-03-01 13:00:00',0,0.19,117.75),(1,'2015-03-01 14:00:00',7,0.71,105.51),(1,'2015-03-01 15:00:00',6,0.04,115.70),(1,'2015-03-01 16:00:00',-8,0.24,82.30),(1,'2015-03-01 17:00:00',4,0.90,177.94),(1,'2015-03-01 18:00:00',7,0.70,75.91),(1,'2015-03-01 19:00:00',11,0.11,177.58),(1,'2015-03-01 20:00:00',0,0.50,102.48),(1,'2015-03-01 21:00:00',20,0.53,174.18),(1,'2015-03-01 22:00:00',-5,0.67,80.58),(1,'2015-03-01 23:00:00',14,0.51,140.74),(1,'2015-03-02 00:00:00',2,0.73,184.00),(1,'2015-03-02 01:00:00',15,0.93,108.61),(1,'2015-03-02 02:00:00',-4,0.28,197.25),(1,'2015-03-02 03:00:00',-6,0.80,192.17),(1,'2015-03-02 04:00:00',-1,0.97,199.39),(1,'2015-03-02 05:00:00',-1,0.21,168.63),(1,'2015-03-02 06:00:00',6,0.19,30.90),(1,'2015-03-02 07:00:00',1,0.38,63.11),(1,'2015-03-02 08:00:00',0,0.31,117.50),(1,'2015-03-02 09:00:00',4,0.05,54.16),(1,'2015-03-02 10:00:00',-6,0.64,104.67),(1,'2015-03-02 11:00:00',-3,0.25,59.51),(1,'2015-03-02 12:00:00',-8,0.20,90.49),(1,'2015-03-02 13:00:00',16,0.90,147.98),(1,'2015-03-02 14:00:00',-4,0.00,111.99),(1,'2015-03-02 15:00:00',13,0.71,150.95),(1,'2015-03-02 16:00:00',-10,0.12,74.73),(1,'2015-03-02 17:00:00',10,0.97,59.28),(1,'2015-03-02 18:00:00',4,0.33,155.14),(1,'2015-03-02 19:00:00',19,0.76,29.24),(1,'2015-03-02 20:00:00',18,0.54,145.70),(1,'2015-03-02 21:00:00',20,0.65,101.53),(1,'2015-03-02 22:00:00',-10,0.24,60.90),(1,'2015-03-02 23:00:00',15,0.66,153.80),(1,'2015-03-03 00:00:00',20,0.64,119.89),(1,'2015-03-03 01:00:00',-8,0.15,139.68),(1,'2015-03-03 02:00:00',15,0.67,199.26),(1,'2015-03-03 03:00:00',18,0.04,41.48),(1,'2015-03-03 04:00:00',10,0.40,59.15),(1,'2015-03-03 05:00:00',-2,0.91,120.21),(1,'2015-03-03 06:00:00',-4,0.82,185.21),(1,'2015-03-03 07:00:00',-4,0.99,62.05),(1,'2015-03-03 08:00:00',16,0.67,77.46),(1,'2015-03-03 09:00:00',1,0.23,53.53),(1,'2015-03-03 10:00:00',14,0.97,94.54),(1,'2015-03-03 11:00:00',16,0.83,31.64),(1,'2015-03-03 12:00:00',4,0.11,113.52),(1,'2015-03-03 13:00:00',-2,0.57,21.26),(1,'2015-03-03 14:00:00',13,0.26,150.08),(1,'2015-03-03 15:00:00',11,0.09,197.15),(1,'2015-03-03 16:00:00',-8,0.98,115.87),(1,'2015-03-03 17:00:00',-1,0.78,85.16),(1,'2015-03-03 18:00:00',7,0.14,71.77),(1,'2015-03-03 19:00:00',18,0.31,24.35),(1,'2015-03-03 20:00:00',13,0.97,199.92),(1,'2015-03-03 21:00:00',-8,0.91,41.60),(1,'2015-03-03 22:00:00',-4,0.49,146.51),(1,'2015-03-03 23:00:00',17,0.26,118.56),(1,'2015-03-04 00:00:00',-3,0.76,141.02),(1,'2015-03-04 01:00:00',19,0.07,190.40),(1,'2015-03-04 02:00:00',-1,0.90,131.46),(1,'2015-03-04 03:00:00',7,0.45,148.31),(1,'2015-03-04 04:00:00',18,0.90,128.54),(1,'2015-03-04 05:00:00',11,0.77,46.16),(1,'2015-03-04 06:00:00',2,0.03,182.80),(1,'2015-03-04 07:00:00',20,0.45,177.74),(1,'2015-03-04 08:00:00',7,0.66,166.46),(1,'2015-03-04 09:00:00',-5,0.04,140.08),(1,'2015-03-04 10:00:00',-3,0.47,27.54),(1,'2015-03-04 11:00:00',4,0.04,170.59),(1,'2015-03-04 12:00:00',6,0.55,124.08),(1,'2015-03-04 13:00:00',3,0.05,56.60),(1,'2015-03-04 14:00:00',16,0.96,68.32),(1,'2015-03-04 15:00:00',-10,0.01,100.69),(1,'2015-03-04 16:00:00',-1,0.31,32.90),(1,'2015-03-04 17:00:00',0,0.21,129.99),(1,'2015-03-04 18:00:00',8,0.34,144.73),(1,'2015-03-04 19:00:00',0,0.75,93.15),(1,'2015-03-04 20:00:00',-8,0.49,163.49),(1,'2015-03-04 21:00:00',-7,0.23,78.24),(1,'2015-03-04 22:00:00',-8,0.15,69.13),(1,'2015-03-04 23:00:00',-4,0.28,56.20),(1,'2015-03-05 00:00:00',20,0.41,26.22),(1,'2015-03-05 01:00:00',5,0.13,74.47),(1,'2015-03-05 02:00:00',12,0.36,70.56),(1,'2015-03-05 03:00:00',7,0.46,54.12),(1,'2015-03-05 04:00:00',2,0.05,198.59),(1,'2015-03-05 05:00:00',5,0.95,185.65),(1,'2015-03-05 06:00:00',19,0.86,75.17),(1,'2015-03-05 07:00:00',13,0.70,76.25),(1,'2015-03-05 08:00:00',19,0.74,124.22),(1,'2015-03-05 09:00:00',11,0.46,144.88),(1,'2015-03-05 10:00:00',4,0.81,85.22),(1,'2015-03-05 11:00:00',16,0.86,133.40),(1,'2015-03-05 12:00:00',15,0.90,50.45),(1,'2015-03-05 13:00:00',-4,0.39,137.13),(1,'2015-03-05 14:00:00',-1,0.88,94.68),(1,'2015-03-05 15:00:00',-3,0.20,31.24),(1,'2015-03-05 16:00:00',9,0.99,133.03),(1,'2015-03-05 17:00:00',9,0.33,126.53),(1,'2015-03-05 18:00:00',4,0.78,187.43),(1,'2015-03-05 19:00:00',15,0.17,50.57),(1,'2015-03-05 20:00:00',14,0.79,34.72),(1,'2015-03-05 21:00:00',6,0.91,149.12),(1,'2015-03-05 22:00:00',-5,0.19,119.89),(1,'2015-03-05 23:00:00',-4,0.84,172.21),(1,'2015-03-06 00:00:00',-3,0.21,130.63),(1,'2015-03-06 01:00:00',1,0.92,164.96),(1,'2015-03-06 02:00:00',19,0.40,47.12),(1,'2015-03-06 03:00:00',11,0.58,149.73),(1,'2015-03-06 04:00:00',13,0.38,162.95),(1,'2015-03-06 05:00:00',14,0.80,21.96),(1,'2015-03-06 06:00:00',17,1.00,96.67),(1,'2015-03-06 07:00:00',15,0.69,137.21),(1,'2015-03-06 08:00:00',3,0.67,50.01),(1,'2015-03-06 09:00:00',6,0.17,154.12),(1,'2015-03-06 10:00:00',7,0.37,22.94),(1,'2015-03-06 11:00:00',2,0.56,61.56),(1,'2015-03-06 12:00:00',20,0.09,79.67),(1,'2015-03-06 13:00:00',17,0.85,32.06),(1,'2015-03-06 14:00:00',-7,0.98,31.10),(1,'2015-03-06 15:00:00',10,0.79,72.48),(1,'2015-03-06 16:00:00',16,0.74,63.32),(1,'2015-03-06 17:00:00',16,0.71,177.87),(1,'2015-03-06 18:00:00',14,0.91,85.46),(1,'2015-03-06 19:00:00',1,0.63,159.75),(1,'2015-03-06 20:00:00',11,0.03,182.82),(1,'2015-03-06 21:00:00',19,0.02,120.34),(1,'2015-03-06 22:00:00',17,0.04,77.73),(1,'2015-03-06 23:00:00',5,0.56,170.59),(1,'2015-03-07 00:00:00',20,0.40,172.74),(1,'2015-03-07 01:00:00',10,0.46,187.85),(1,'2015-03-07 02:00:00',4,0.63,190.29),(1,'2015-03-07 03:00:00',0,0.86,191.70),(1,'2015-03-07 04:00:00',-5,0.27,187.62),(1,'2015-03-07 05:00:00',12,0.86,34.81),(1,'2015-03-07 06:00:00',10,0.57,127.01),(1,'2015-03-07 07:00:00',8,0.36,179.19),(1,'2015-03-07 08:00:00',-10,0.44,109.76),(1,'2015-03-07 09:00:00',15,0.98,179.93),(1,'2015-03-07 10:00:00',12,0.58,149.19),(1,'2015-03-07 11:00:00',-7,0.79,172.13),(1,'2015-03-07 12:00:00',2,0.38,81.76),(1,'2015-03-07 13:00:00',1,0.36,26.76),(1,'2015-03-07 14:00:00',18,0.50,62.76),(1,'2015-03-07 15:00:00',2,0.47,57.73),(1,'2015-03-07 16:00:00',13,0.40,189.98),(1,'2015-03-07 17:00:00',10,0.33,145.34),(1,'2015-03-07 18:00:00',-1,0.47,140.32),(1,'2015-03-07 19:00:00',-4,0.19,178.09),(1,'2015-03-07 20:00:00',-3,0.91,146.53),(1,'2015-03-07 21:00:00',-6,0.93,116.25),(1,'2015-03-07 22:00:00',19,0.73,140.70),(1,'2015-03-07 23:00:00',-1,0.37,25.47),(1,'2015-03-08 00:00:00',17,0.97,117.93),(1,'2015-03-08 01:00:00',3,0.35,137.74),(1,'2015-03-08 02:00:00',2,0.66,173.57),(1,'2015-03-08 03:00:00',15,0.70,30.48),(1,'2015-03-08 04:00:00',-8,0.91,173.25),(1,'2015-03-08 05:00:00',-10,0.93,117.75),(1,'2015-03-08 06:00:00',-4,0.93,79.53),(1,'2015-03-08 07:00:00',-8,0.50,83.94),(1,'2015-03-08 08:00:00',9,0.14,199.96),(1,'2015-03-08 09:00:00',12,0.78,149.44),(1,'2015-03-08 10:00:00',13,0.38,95.17),(1,'2015-03-08 11:00:00',-10,0.96,198.53),(1,'2015-03-08 12:00:00',6,0.22,173.88),(1,'2015-03-08 13:00:00',18,0.67,142.47),(1,'2015-03-08 14:00:00',8,0.32,82.92),(1,'2015-03-08 15:00:00',-5,0.41,31.75),(1,'2015-03-08 16:00:00',-1,0.52,36.90),(1,'2015-03-08 17:00:00',-7,0.54,192.92),(1,'2015-03-08 18:00:00',15,0.93,33.81),(1,'2015-03-08 19:00:00',-4,0.03,29.12),(1,'2015-03-08 20:00:00',17,0.53,51.53),(1,'2015-03-08 21:00:00',8,0.95,77.34),(1,'2015-03-08 22:00:00',7,0.26,147.95),(1,'2015-03-08 23:00:00',13,0.91,94.09),(1,'2015-03-09 00:00:00',1,0.31,120.46),(1,'2015-03-09 01:00:00',19,0.35,152.82),(1,'2015-03-09 02:00:00',12,0.20,111.97),(1,'2015-03-09 03:00:00',11,0.70,148.34),(1,'2015-03-09 04:00:00',9,0.56,169.93),(1,'2015-03-09 05:00:00',-6,0.29,129.35),(1,'2015-03-09 06:00:00',-4,0.93,197.53),(1,'2015-03-09 07:00:00',-6,0.37,33.17),(1,'2015-03-09 08:00:00',-5,0.82,121.22),(1,'2015-03-09 09:00:00',3,0.31,192.59),(1,'2015-03-09 10:00:00',3,0.30,170.63),(1,'2015-03-09 11:00:00',-3,0.56,22.49),(1,'2015-03-09 12:00:00',17,0.01,118.63),(1,'2015-03-09 13:00:00',-10,0.62,113.96),(1,'2015-03-09 14:00:00',-4,0.37,192.95),(1,'2015-03-09 15:00:00',5,0.33,187.74),(1,'2015-03-09 16:00:00',6,0.50,52.97),(1,'2015-03-09 17:00:00',19,0.71,39.39),(1,'2015-03-09 18:00:00',-5,0.21,111.21),(1,'2015-03-09 19:00:00',11,0.90,48.25),(1,'2015-03-09 20:00:00',5,0.21,87.21),(1,'2015-03-09 21:00:00',5,0.19,91.85),(1,'2015-03-09 22:00:00',2,0.38,89.98),(1,'2015-03-09 23:00:00',20,0.00,69.64),(1,'2015-03-10 00:00:00',7,0.73,61.51),(1,'2015-03-10 01:00:00',5,0.68,92.48),(1,'2015-03-10 02:00:00',5,0.08,167.92),(1,'2015-03-10 03:00:00',18,0.76,74.38),(1,'2015-03-10 04:00:00',0,0.57,22.58),(1,'2015-03-10 05:00:00',4,0.81,80.23),(1,'2015-03-10 06:00:00',20,0.03,49.64),(1,'2015-03-10 07:00:00',-6,0.91,98.80),(1,'2015-03-10 08:00:00',18,0.57,108.22),(1,'2015-03-10 09:00:00',-7,0.63,174.48),(1,'2015-03-10 10:00:00',-6,0.84,54.29),(1,'2015-03-10 11:00:00',5,0.93,69.05),(1,'2015-03-10 12:00:00',10,0.82,39.52),(1,'2015-03-10 13:00:00',-3,0.39,75.62),(1,'2015-03-10 14:00:00',7,0.55,107.40),(1,'2015-03-10 15:00:00',7,0.21,137.91),(1,'2015-03-10 16:00:00',-6,0.19,32.91),(1,'2015-03-10 17:00:00',8,0.96,142.99),(1,'2015-03-10 18:00:00',5,0.30,113.87),(1,'2015-03-10 19:00:00',15,0.51,144.97),(1,'2015-03-10 20:00:00',-6,0.30,56.32),(1,'2015-03-10 21:00:00',5,0.60,176.45),(1,'2015-03-10 22:00:00',2,0.74,149.34),(1,'2015-03-10 23:00:00',15,0.67,187.74),(1,'2015-03-11 00:00:00',19,0.54,37.42),(1,'2015-03-11 01:00:00',20,0.57,70.07),(1,'2015-03-11 02:00:00',16,0.79,175.08),(1,'2015-03-11 03:00:00',6,0.05,166.71),(1,'2015-03-11 04:00:00',9,0.64,84.90),(1,'2015-03-11 05:00:00',-1,0.86,61.34),(1,'2015-03-11 06:00:00',5,0.51,101.68),(1,'2015-03-11 07:00:00',7,0.76,133.25),(1,'2015-03-11 08:00:00',3,0.33,94.56),(1,'2015-03-11 09:00:00',15,0.33,135.76),(1,'2015-03-11 10:00:00',1,0.61,84.11),(1,'2015-03-11 11:00:00',16,0.42,94.89),(1,'2015-03-11 12:00:00',5,0.50,38.49),(1,'2015-03-11 13:00:00',16,0.30,114.99),(1,'2015-03-11 14:00:00',-6,0.70,130.58),(1,'2015-03-11 15:00:00',12,0.21,106.43),(1,'2015-03-11 16:00:00',4,0.23,101.64),(1,'2015-03-11 17:00:00',-3,0.17,37.00),(1,'2015-03-11 18:00:00',-5,0.61,134.57),(1,'2015-03-11 19:00:00',9,0.53,123.64),(1,'2015-03-11 20:00:00',-3,0.24,109.68),(1,'2015-03-11 21:00:00',15,0.38,119.96),(1,'2015-03-11 22:00:00',-9,0.55,20.17),(1,'2015-03-11 23:00:00',11,0.34,109.45),(1,'2015-03-12 00:00:00',13,0.77,91.89),(1,'2015-03-12 01:00:00',18,0.39,155.49),(1,'2015-03-12 02:00:00',18,0.34,91.39),(1,'2015-03-12 03:00:00',-3,0.80,50.05),(1,'2015-03-12 04:00:00',18,0.70,141.91),(1,'2015-03-12 05:00:00',10,0.62,140.13),(1,'2015-03-12 06:00:00',5,0.64,122.60),(1,'2015-03-12 07:00:00',3,1.00,146.90),(1,'2015-03-12 08:00:00',0,0.60,68.16),(1,'2015-03-12 09:00:00',11,0.44,86.85),(1,'2015-03-12 10:00:00',-7,0.20,46.23),(1,'2015-03-12 11:00:00',1,0.72,176.74),(1,'2015-03-12 12:00:00',6,0.04,116.45),(1,'2015-03-12 13:00:00',-5,0.28,93.70),(1,'2015-03-12 14:00:00',1,0.32,195.57),(1,'2015-03-12 15:00:00',0,0.82,131.23),(1,'2015-03-12 16:00:00',9,0.90,69.92),(1,'2015-03-12 17:00:00',17,0.31,148.87),(1,'2015-03-12 18:00:00',-10,0.02,109.47),(1,'2015-03-12 19:00:00',-3,0.13,146.30),(1,'2015-03-12 20:00:00',-1,0.44,199.18),(1,'2015-03-12 21:00:00',0,0.88,61.46),(1,'2015-03-12 22:00:00',16,0.46,127.38),(1,'2015-03-12 23:00:00',12,0.14,108.37),(1,'2015-03-13 00:00:00',12,0.91,170.15),(1,'2015-03-13 01:00:00',15,0.39,71.96),(1,'2015-03-13 02:00:00',9,0.74,55.62),(1,'2015-03-13 03:00:00',20,0.24,65.04),(1,'2015-03-13 04:00:00',10,0.21,116.04),(1,'2015-03-13 05:00:00',1,0.29,108.93),(1,'2015-03-13 06:00:00',-2,0.68,81.83),(1,'2015-03-13 07:00:00',3,0.01,87.58),(1,'2015-03-13 08:00:00',20,0.06,192.60),(1,'2015-03-13 09:00:00',16,0.52,72.31),(1,'2015-03-13 10:00:00',-1,0.82,96.16),(1,'2015-03-13 11:00:00',19,0.62,125.11),(1,'2015-03-13 12:00:00',2,0.49,176.07),(1,'2015-03-13 13:00:00',12,0.80,77.30),(1,'2015-03-13 14:00:00',-3,0.45,91.05),(1,'2015-03-13 15:00:00',17,0.94,63.75),(1,'2015-03-13 16:00:00',7,0.67,27.64),(1,'2015-03-13 17:00:00',10,0.34,84.96),(1,'2015-03-13 18:00:00',-7,0.11,108.38),(1,'2015-03-13 19:00:00',12,0.71,90.11),(1,'2015-03-13 20:00:00',-8,0.54,40.97),(1,'2015-03-13 21:00:00',-2,0.92,53.50),(1,'2015-03-13 22:00:00',13,0.65,59.38),(1,'2015-03-13 23:00:00',-10,0.02,199.02),(1,'2015-03-14 00:00:00',-6,0.02,150.15),(1,'2015-03-14 01:00:00',1,0.85,111.66),(1,'2015-03-14 02:00:00',-2,0.19,157.41),(1,'2015-03-14 03:00:00',3,0.68,160.06),(1,'2015-03-14 04:00:00',-9,0.60,148.04),(1,'2015-03-14 05:00:00',2,0.08,141.13),(1,'2015-03-14 06:00:00',19,0.87,65.32),(1,'2015-03-14 07:00:00',-7,0.94,79.99),(1,'2015-03-14 08:00:00',2,0.15,112.27),(1,'2015-03-14 09:00:00',-8,0.74,20.60),(1,'2015-03-14 10:00:00',-2,0.99,176.46),(1,'2015-03-14 11:00:00',5,0.22,47.51),(1,'2015-03-14 12:00:00',2,0.87,169.95),(1,'2015-03-14 13:00:00',19,0.62,86.62),(1,'2015-03-14 14:00:00',2,0.23,145.79),(1,'2015-03-14 15:00:00',1,0.74,77.69),(1,'2015-03-14 16:00:00',-9,0.21,155.64),(1,'2015-03-14 17:00:00',-5,0.84,29.41),(1,'2015-03-14 18:00:00',15,0.32,50.31),(1,'2015-03-14 19:00:00',6,0.50,120.82),(1,'2015-03-14 20:00:00',-3,0.85,86.00),(1,'2015-03-14 21:00:00',9,0.66,98.44),(1,'2015-03-14 22:00:00',-7,0.62,163.22),(1,'2015-03-14 23:00:00',16,0.51,119.49),(1,'2015-03-15 00:00:00',20,0.34,47.75),(1,'2015-03-15 01:00:00',-4,0.05,106.72),(1,'2015-03-15 02:00:00',-6,0.14,113.02),(1,'2015-03-15 03:00:00',-7,0.20,198.68),(1,'2015-03-15 04:00:00',-8,0.31,171.08),(1,'2015-03-15 05:00:00',-3,0.72,110.79),(1,'2015-03-15 06:00:00',-7,0.46,191.44),(1,'2015-03-15 07:00:00',13,0.71,93.28),(1,'2015-03-15 08:00:00',-10,0.12,29.12),(1,'2015-03-15 09:00:00',16,0.06,94.51),(1,'2015-03-15 10:00:00',4,0.78,39.57),(1,'2015-03-15 11:00:00',17,0.60,174.42),(1,'2015-03-15 12:00:00',1,0.37,89.88),(1,'2015-03-15 13:00:00',11,0.74,146.12),(1,'2015-03-15 14:00:00',-10,0.32,177.57),(1,'2015-03-15 15:00:00',-1,0.79,55.71),(1,'2015-03-15 16:00:00',3,0.96,117.06),(1,'2015-03-15 17:00:00',-2,0.50,138.27),(1,'2015-03-15 18:00:00',-8,0.66,131.46),(1,'2015-03-15 19:00:00',-4,0.10,110.91),(1,'2015-03-15 20:00:00',9,0.77,88.98),(1,'2015-03-15 21:00:00',3,0.67,69.05),(1,'2015-03-15 22:00:00',14,0.88,91.99),(1,'2015-03-15 23:00:00',-4,0.91,186.17),(1,'2015-03-16 00:00:00',16,0.08,74.59),(1,'2015-03-16 01:00:00',17,0.52,154.00),(1,'2015-03-16 02:00:00',11,0.33,124.18),(1,'2015-03-16 03:00:00',3,0.33,102.56),(1,'2015-03-16 04:00:00',9,0.93,34.40),(1,'2015-03-16 05:00:00',-10,0.51,48.19),(1,'2015-03-16 06:00:00',-8,0.65,85.04),(1,'2015-03-16 07:00:00',-9,0.67,156.71),(1,'2015-03-16 08:00:00',-7,0.54,23.51),(1,'2015-03-16 09:00:00',14,0.65,107.50),(1,'2015-03-16 10:00:00',2,0.80,25.29),(1,'2015-03-16 11:00:00',-7,0.11,137.07),(1,'2015-03-16 12:00:00',-4,0.35,157.32),(1,'2015-03-16 13:00:00',-4,0.16,65.23),(1,'2015-03-16 14:00:00',-3,0.87,49.76),(1,'2015-03-16 15:00:00',20,0.97,114.58),(1,'2015-03-16 16:00:00',20,0.49,40.67),(1,'2015-03-16 17:00:00',7,0.55,113.24),(1,'2015-03-16 18:00:00',14,0.55,139.60),(1,'2015-03-16 19:00:00',-3,0.31,41.93),(1,'2015-03-16 20:00:00',-10,0.36,47.30),(1,'2015-03-16 21:00:00',-10,0.03,120.19),(1,'2015-03-16 22:00:00',16,0.52,62.20),(1,'2015-03-16 23:00:00',16,0.75,144.78),(1,'2015-03-17 00:00:00',-1,0.85,155.70),(1,'2015-03-17 01:00:00',8,0.57,180.14),(1,'2015-03-17 02:00:00',13,0.53,125.65),(1,'2015-03-17 03:00:00',2,0.16,103.10),(1,'2015-03-17 04:00:00',-10,0.38,145.65),(1,'2015-03-17 05:00:00',3,0.25,172.25),(1,'2015-03-17 06:00:00',1,0.77,37.56),(1,'2015-03-17 07:00:00',17,0.51,56.94),(1,'2015-03-17 08:00:00',-5,0.44,131.30),(1,'2015-03-17 09:00:00',14,0.45,51.32),(1,'2015-03-17 10:00:00',-2,0.75,179.15),(1,'2015-03-17 11:00:00',2,0.28,148.57),(1,'2015-03-17 12:00:00',9,0.43,40.80),(1,'2015-03-17 13:00:00',-6,0.68,170.25),(1,'2015-03-17 14:00:00',3,0.64,91.47),(1,'2015-03-17 15:00:00',-5,0.86,25.91),(1,'2015-03-17 16:00:00',13,0.31,145.15),(1,'2015-03-17 17:00:00',-1,0.85,152.21),(1,'2015-03-17 18:00:00',0,0.41,150.89),(1,'2015-03-17 19:00:00',-7,0.77,177.45),(1,'2015-03-17 20:00:00',12,0.04,66.69),(1,'2015-03-17 21:00:00',17,0.32,43.41),(1,'2015-03-17 22:00:00',19,0.36,154.28),(1,'2015-03-17 23:00:00',20,1.00,40.42),(1,'2015-03-18 00:00:00',4,0.48,85.12),(1,'2015-03-18 01:00:00',12,0.33,65.19),(1,'2015-03-18 02:00:00',5,0.09,22.89),(1,'2015-03-18 03:00:00',-5,0.27,62.21),(1,'2015-03-18 04:00:00',17,0.12,188.34),(1,'2015-03-18 05:00:00',0,0.52,42.92),(1,'2015-03-18 06:00:00',16,0.27,110.48),(1,'2015-03-18 07:00:00',-7,0.93,55.41),(1,'2015-03-18 08:00:00',-9,0.14,163.34),(1,'2015-03-18 09:00:00',9,0.21,153.80),(1,'2015-03-18 10:00:00',12,0.80,162.15),(1,'2015-03-18 11:00:00',18,0.44,191.65),(1,'2015-03-18 12:00:00',-2,0.64,193.65),(1,'2015-03-18 13:00:00',15,0.55,125.26),(1,'2015-03-18 14:00:00',13,0.86,23.82),(1,'2015-03-18 15:00:00',4,0.38,62.36),(1,'2015-03-18 16:00:00',18,0.41,63.52),(1,'2015-03-18 17:00:00',-6,0.08,143.58),(1,'2015-03-18 18:00:00',8,0.91,106.33),(1,'2015-03-18 19:00:00',6,0.01,90.14),(1,'2015-03-18 20:00:00',17,0.86,93.25),(1,'2015-03-18 21:00:00',4,0.33,182.50),(1,'2015-03-18 22:00:00',16,0.75,64.29),(1,'2015-03-18 23:00:00',18,0.49,109.03),(1,'2015-03-19 00:00:00',-4,0.64,173.12),(1,'2015-03-19 01:00:00',14,0.91,85.68),(1,'2015-03-19 02:00:00',-7,0.77,22.44),(1,'2015-03-19 03:00:00',-2,0.27,72.98),(1,'2015-03-19 04:00:00',-5,0.83,35.17),(1,'2015-03-19 05:00:00',18,0.61,149.52),(1,'2015-03-19 06:00:00',2,0.42,24.90),(1,'2015-03-19 07:00:00',8,0.64,36.41),(1,'2015-03-19 08:00:00',-3,0.43,53.99),(1,'2015-03-19 09:00:00',12,0.87,57.70),(1,'2015-03-19 10:00:00',9,0.01,60.92),(1,'2015-03-19 11:00:00',-10,0.84,38.93),(1,'2015-03-19 12:00:00',14,0.34,67.18),(1,'2015-03-19 13:00:00',16,0.71,126.20),(1,'2015-03-19 14:00:00',17,0.86,118.85),(1,'2015-03-19 15:00:00',7,0.62,132.97),(1,'2015-03-19 16:00:00',15,0.85,71.05),(1,'2015-03-19 17:00:00',8,0.25,140.15),(1,'2015-03-19 18:00:00',20,0.87,60.28),(1,'2015-03-19 19:00:00',9,0.35,45.81),(1,'2015-03-19 20:00:00',-1,0.29,114.76),(1,'2015-03-19 21:00:00',-1,0.54,169.58),(1,'2015-03-19 22:00:00',0,0.56,50.70),(1,'2015-03-19 23:00:00',-6,0.87,43.70),(1,'2015-03-20 00:00:00',10,0.04,182.26),(1,'2015-03-20 01:00:00',8,0.40,99.53),(1,'2015-03-20 02:00:00',10,0.71,54.41),(1,'2015-03-20 03:00:00',16,0.32,89.99),(1,'2015-03-20 04:00:00',15,0.76,79.76),(1,'2015-03-20 05:00:00',7,0.43,185.25),(1,'2015-03-20 06:00:00',20,0.55,140.95),(1,'2015-03-20 07:00:00',-7,0.32,186.70),(1,'2015-03-20 08:00:00',0,0.71,131.42),(1,'2015-03-20 09:00:00',2,0.76,86.66),(1,'2015-03-20 10:00:00',-2,0.07,110.84),(1,'2015-03-20 11:00:00',18,0.75,128.17),(1,'2015-03-20 12:00:00',4,0.73,143.94),(1,'2015-03-20 13:00:00',-2,0.51,75.15),(1,'2015-03-20 14:00:00',20,0.96,180.78),(1,'2015-03-20 15:00:00',14,0.49,93.44),(1,'2015-03-20 16:00:00',8,0.25,170.54),(1,'2015-03-20 17:00:00',16,0.28,145.23),(1,'2015-03-20 18:00:00',-9,0.81,139.91),(1,'2015-03-20 19:00:00',3,0.48,93.09),(1,'2015-03-20 20:00:00',13,0.35,87.90),(1,'2015-03-20 21:00:00',-9,0.32,49.78),(1,'2015-03-20 22:00:00',12,0.55,96.50),(1,'2015-03-20 23:00:00',-10,0.03,164.95),(1,'2015-03-21 00:00:00',0,0.79,55.62),(1,'2015-03-21 01:00:00',-5,0.07,176.49),(1,'2015-03-21 02:00:00',8,0.43,119.74),(1,'2015-03-21 03:00:00',14,0.14,187.21),(1,'2015-03-21 04:00:00',11,0.01,31.99),(1,'2015-03-21 05:00:00',6,0.46,131.63),(1,'2015-03-21 06:00:00',15,0.41,33.19),(1,'2015-03-21 07:00:00',-8,0.16,36.05),(1,'2015-03-21 08:00:00',-3,0.56,141.94),(1,'2015-03-21 09:00:00',-2,0.91,116.02),(1,'2015-03-21 10:00:00',8,0.98,88.33),(1,'2015-03-21 11:00:00',-7,0.54,147.74),(1,'2015-03-21 12:00:00',16,0.45,88.16),(1,'2015-03-21 13:00:00',19,0.98,91.46),(1,'2015-03-21 14:00:00',-5,0.11,39.68),(1,'2015-03-21 15:00:00',5,0.17,157.76),(1,'2015-03-21 16:00:00',12,1.00,21.47),(1,'2015-03-21 17:00:00',6,0.25,186.18),(1,'2015-03-21 18:00:00',5,0.35,106.79),(1,'2015-03-21 19:00:00',-10,0.13,97.93),(1,'2015-03-21 20:00:00',-7,0.89,106.11),(1,'2015-03-21 21:00:00',10,0.75,85.95),(1,'2015-03-21 22:00:00',19,0.17,140.63),(1,'2015-03-21 23:00:00',-1,0.78,68.45),(1,'2015-03-22 00:00:00',-3,0.78,25.89),(1,'2015-03-22 01:00:00',12,0.48,22.63),(1,'2015-03-22 02:00:00',-5,0.26,190.24),(1,'2015-03-22 03:00:00',19,0.07,46.36),(1,'2015-03-22 04:00:00',13,0.45,33.19),(1,'2015-03-22 05:00:00',19,0.81,110.25),(1,'2015-03-22 06:00:00',14,0.09,185.39),(1,'2015-03-22 07:00:00',12,0.52,117.98),(1,'2015-03-22 08:00:00',5,0.37,100.25),(1,'2015-03-22 09:00:00',13,0.33,114.18),(1,'2015-03-22 10:00:00',-1,0.44,152.11),(1,'2015-03-22 11:00:00',2,0.06,151.12),(1,'2015-03-22 12:00:00',10,0.70,179.10),(1,'2015-03-22 13:00:00',3,0.26,23.75),(1,'2015-03-22 14:00:00',1,0.63,99.14),(1,'2015-03-22 15:00:00',14,0.56,132.65),(1,'2015-03-22 16:00:00',5,0.15,84.61),(1,'2015-03-22 17:00:00',20,0.30,95.80),(1,'2015-03-22 18:00:00',-5,0.74,97.08),(1,'2015-03-22 19:00:00',0,0.86,192.43),(1,'2015-03-22 20:00:00',15,0.92,72.52),(1,'2015-03-22 21:00:00',-1,0.65,133.51),(1,'2015-03-22 22:00:00',0,0.03,35.93),(1,'2015-03-22 23:00:00',9,0.72,131.95),(1,'2015-03-23 00:00:00',19,0.61,193.81),(1,'2015-03-23 01:00:00',16,0.52,102.26),(1,'2015-03-23 02:00:00',11,0.45,171.58),(1,'2015-03-23 03:00:00',19,0.50,197.10),(1,'2015-03-23 04:00:00',20,0.66,94.34),(1,'2015-03-23 05:00:00',-9,0.52,163.19),(1,'2015-03-23 06:00:00',6,0.35,180.39),(1,'2015-03-23 07:00:00',-6,0.89,95.96),(1,'2015-03-23 08:00:00',-9,0.26,106.56),(1,'2015-03-23 09:00:00',4,0.35,75.90),(1,'2015-03-23 10:00:00',-2,0.16,37.60),(1,'2015-03-23 11:00:00',7,0.15,181.75),(1,'2015-03-23 12:00:00',9,0.42,83.55),(1,'2015-03-23 13:00:00',-7,0.77,176.14),(1,'2015-03-23 14:00:00',-6,0.59,103.24),(1,'2015-03-23 15:00:00',10,0.45,159.22),(1,'2015-03-23 16:00:00',-8,0.75,85.18),(1,'2015-03-23 17:00:00',-5,0.65,137.26),(1,'2015-03-23 18:00:00',9,0.26,157.62),(1,'2015-03-23 19:00:00',-3,0.31,49.93),(1,'2015-03-23 20:00:00',6,0.90,90.80),(1,'2015-03-23 21:00:00',-7,0.67,32.08),(1,'2015-03-23 22:00:00',-2,0.92,87.85),(1,'2015-03-23 23:00:00',8,0.20,75.03),(1,'2015-03-24 00:00:00',7,0.09,45.52),(1,'2015-03-24 01:00:00',2,0.81,84.86),(1,'2015-03-24 02:00:00',19,0.42,28.75),(1,'2015-03-24 03:00:00',9,0.42,21.09),(1,'2015-03-24 04:00:00',18,0.76,81.00),(1,'2015-03-24 05:00:00',11,0.14,137.51),(1,'2015-03-24 06:00:00',17,0.59,38.18),(1,'2015-03-24 07:00:00',4,0.19,29.18),(1,'2015-03-24 08:00:00',-8,0.06,165.21),(1,'2015-03-24 09:00:00',-10,0.32,173.28),(1,'2015-03-24 10:00:00',9,0.57,85.91),(1,'2015-03-24 11:00:00',14,0.36,173.01),(1,'2015-03-24 12:00:00',17,0.98,80.25),(1,'2015-03-24 13:00:00',7,0.96,107.31),(1,'2015-03-24 14:00:00',2,0.81,91.35),(1,'2015-03-24 15:00:00',-4,0.03,36.57),(1,'2015-03-24 16:00:00',-6,0.63,77.66),(1,'2015-03-24 17:00:00',16,0.64,164.88),(1,'2015-03-24 18:00:00',13,0.76,92.39),(1,'2015-03-24 19:00:00',-3,0.48,116.48),(1,'2015-03-24 20:00:00',15,0.84,71.20),(1,'2015-03-24 21:00:00',-4,0.65,106.57),(1,'2015-03-24 22:00:00',20,0.89,152.78),(1,'2015-03-24 23:00:00',-4,0.96,66.30),(1,'2015-03-25 00:00:00',2,0.29,114.25),(1,'2015-03-25 01:00:00',15,0.25,115.31),(1,'2015-03-25 02:00:00',9,0.31,71.16),(1,'2015-03-25 03:00:00',17,0.68,172.98),(1,'2015-03-25 04:00:00',11,0.14,114.61),(1,'2015-03-25 05:00:00',15,0.54,188.56),(1,'2015-03-25 06:00:00',14,0.15,54.56),(1,'2015-03-25 07:00:00',-5,0.77,114.00),(1,'2015-03-25 08:00:00',3,0.78,165.79),(1,'2015-03-25 09:00:00',15,0.08,57.63),(1,'2015-03-25 10:00:00',16,0.07,126.80),(1,'2015-03-25 11:00:00',18,0.07,54.31),(1,'2015-03-25 12:00:00',2,0.31,160.14),(1,'2015-03-25 13:00:00',3,0.43,169.40),(1,'2015-03-25 14:00:00',-1,0.44,105.59),(1,'2015-03-25 15:00:00',12,0.51,34.95),(1,'2015-03-25 16:00:00',-9,0.20,127.80),(1,'2015-03-25 17:00:00',-4,0.33,80.23),(1,'2015-03-25 18:00:00',19,0.47,65.46),(1,'2015-03-25 19:00:00',-8,0.41,141.32),(1,'2015-03-25 20:00:00',-6,0.10,51.62),(1,'2015-03-25 21:00:00',16,0.15,183.06),(1,'2015-03-25 22:00:00',14,0.52,163.00),(1,'2015-03-25 23:00:00',11,0.39,46.59),(1,'2015-03-26 00:00:00',1,0.14,28.44),(1,'2015-03-26 01:00:00',1,0.27,71.43),(1,'2015-03-26 02:00:00',-1,0.88,54.33),(1,'2015-03-26 03:00:00',-3,0.34,136.36),(1,'2015-03-26 04:00:00',17,0.27,25.64),(1,'2015-03-26 05:00:00',20,0.06,44.24),(1,'2015-03-26 06:00:00',-9,0.13,68.20),(1,'2015-03-26 07:00:00',5,0.87,52.89),(1,'2015-03-26 08:00:00',-7,0.98,156.17),(1,'2015-03-26 09:00:00',19,0.38,169.99),(1,'2015-03-26 10:00:00',16,0.14,48.44),(1,'2015-03-26 11:00:00',16,0.98,163.31),(1,'2015-03-26 12:00:00',-1,0.17,118.14),(1,'2015-03-26 13:00:00',9,0.69,144.51),(1,'2015-03-26 14:00:00',-7,0.25,83.50),(1,'2015-03-26 15:00:00',-2,0.46,38.18),(1,'2015-03-26 16:00:00',15,0.84,138.90),(1,'2015-03-26 17:00:00',-1,0.42,160.23),(1,'2015-03-26 18:00:00',4,0.52,196.73),(1,'2015-03-26 19:00:00',13,0.79,165.89),(1,'2015-03-26 20:00:00',-7,0.23,91.99),(1,'2015-03-26 21:00:00',-9,0.15,169.89),(1,'2015-03-26 22:00:00',15,0.96,35.03),(1,'2015-03-26 23:00:00',6,0.80,94.01),(1,'2015-03-27 00:00:00',8,0.16,148.20),(1,'2015-03-27 01:00:00',7,0.65,106.01),(1,'2015-03-27 02:00:00',16,0.99,81.63),(1,'2015-03-27 03:00:00',1,0.67,137.74),(1,'2015-03-27 04:00:00',11,0.38,192.59),(1,'2015-03-27 05:00:00',-1,0.42,106.64),(1,'2015-03-27 06:00:00',4,0.49,140.25),(1,'2015-03-27 07:00:00',3,0.15,73.91),(1,'2015-03-27 08:00:00',-8,0.65,189.98),(1,'2015-03-27 09:00:00',5,0.58,146.63),(1,'2015-03-27 10:00:00',5,0.79,75.24),(1,'2015-03-27 11:00:00',18,0.75,87.09),(1,'2015-03-27 12:00:00',-6,0.56,112.78),(1,'2015-03-27 13:00:00',1,1.00,80.51),(1,'2015-03-27 14:00:00',20,0.42,25.06),(1,'2015-03-27 15:00:00',2,0.02,30.58),(1,'2015-03-27 16:00:00',-6,0.69,45.06),(1,'2015-03-27 17:00:00',-10,0.42,159.95),(1,'2015-03-27 18:00:00',7,0.41,23.29),(1,'2015-03-27 19:00:00',1,0.18,199.17),(1,'2015-03-27 20:00:00',2,0.65,87.02),(1,'2015-03-27 21:00:00',0,0.09,63.26),(1,'2015-03-27 22:00:00',1,0.19,183.67),(1,'2015-03-27 23:00:00',-8,0.83,72.62),(1,'2015-03-28 00:00:00',4,0.29,199.92),(1,'2015-03-28 01:00:00',-4,0.51,76.83),(1,'2015-03-28 02:00:00',6,0.84,149.00),(1,'2015-03-28 03:00:00',-7,0.03,72.94),(1,'2015-03-28 04:00:00',-5,0.34,170.91),(1,'2015-03-28 05:00:00',16,0.57,89.98),(1,'2015-03-28 06:00:00',-5,0.85,133.95),(1,'2015-03-28 07:00:00',20,0.40,40.54),(1,'2015-03-28 08:00:00',7,0.61,116.59),(1,'2015-03-28 09:00:00',18,0.24,94.25),(1,'2015-03-28 10:00:00',-5,0.09,198.63),(1,'2015-03-28 11:00:00',15,0.11,196.73),(1,'2015-03-28 12:00:00',16,0.68,69.36),(1,'2015-03-28 13:00:00',11,0.20,27.74),(1,'2015-03-28 14:00:00',-4,0.86,106.74),(1,'2015-03-28 15:00:00',-7,0.21,124.10),(1,'2015-03-28 16:00:00',8,0.03,83.94),(1,'2015-03-28 17:00:00',4,0.03,178.15),(1,'2015-03-28 18:00:00',1,0.13,107.50),(1,'2015-03-28 19:00:00',13,0.64,160.06),(1,'2015-03-28 20:00:00',-1,0.36,182.81),(1,'2015-03-28 21:00:00',-7,0.91,101.46),(1,'2015-03-28 22:00:00',-7,0.73,108.80),(1,'2015-03-28 23:00:00',6,0.60,36.21),(1,'2015-03-29 00:00:00',12,0.59,74.81),(1,'2015-03-29 01:00:00',18,0.83,186.63),(1,'2015-03-29 02:00:00',0,0.44,188.51),(1,'2015-03-29 03:00:00',7,0.93,189.00),(1,'2015-03-29 04:00:00',-10,0.29,49.46),(1,'2015-03-29 05:00:00',-5,0.24,115.76),(1,'2015-03-29 06:00:00',-8,0.61,197.90),(1,'2015-03-29 07:00:00',-8,0.90,195.98),(1,'2015-03-29 08:00:00',-2,0.20,122.36),(1,'2015-03-29 09:00:00',9,0.39,31.30),(1,'2015-03-29 10:00:00',17,0.29,83.49),(1,'2015-03-29 11:00:00',12,0.12,168.03),(1,'2015-03-29 12:00:00',-6,0.74,197.27),(1,'2015-03-29 13:00:00',-4,0.29,168.07),(1,'2015-03-29 14:00:00',14,0.16,69.01),(1,'2015-03-29 15:00:00',3,0.34,116.78),(1,'2015-03-29 16:00:00',10,0.45,94.47),(1,'2015-03-29 17:00:00',-8,0.87,169.58),(1,'2015-03-29 18:00:00',5,0.74,43.10),(1,'2015-03-29 19:00:00',3,0.11,108.50),(1,'2015-03-29 20:00:00',-5,0.60,197.04),(1,'2015-03-29 21:00:00',-10,0.33,84.83),(1,'2015-03-29 22:00:00',-9,0.47,185.60),(1,'2015-03-29 23:00:00',18,0.04,188.94),(1,'2015-03-30 00:00:00',11,0.04,68.25),(1,'2015-03-30 01:00:00',18,0.65,58.51),(1,'2015-03-30 02:00:00',6,0.01,85.72),(1,'2015-03-30 03:00:00',-4,0.25,144.64),(1,'2015-03-30 04:00:00',-5,0.25,180.10),(1,'2015-03-30 05:00:00',1,0.41,104.80),(1,'2015-03-30 06:00:00',-10,0.74,190.52),(1,'2015-03-30 07:00:00',15,0.38,51.07),(1,'2015-03-30 08:00:00',19,0.00,176.27),(1,'2015-03-30 09:00:00',10,0.46,23.28),(1,'2015-03-30 10:00:00',-6,0.90,195.75),(1,'2015-03-30 11:00:00',-8,0.71,115.07),(1,'2015-03-30 12:00:00',16,0.21,21.38),(1,'2015-03-30 13:00:00',-6,0.50,195.58),(1,'2015-03-30 14:00:00',-5,0.12,109.70),(1,'2015-03-30 15:00:00',-3,0.30,57.97),(1,'2015-03-30 16:00:00',-8,0.27,36.49),(1,'2015-03-30 17:00:00',0,0.44,72.70),(1,'2015-03-30 18:00:00',15,0.64,182.78),(1,'2015-03-30 19:00:00',11,0.99,156.13),(1,'2015-03-30 20:00:00',-8,0.56,45.43),(1,'2015-03-30 21:00:00',13,0.96,120.50),(1,'2015-03-30 22:00:00',6,0.00,190.05),(1,'2015-03-30 23:00:00',11,0.64,199.54),(1,'2015-03-31 00:00:00',20,0.11,62.81),(1,'2015-03-31 01:00:00',-10,0.45,134.56),(1,'2015-03-31 02:00:00',13,0.31,120.11),(1,'2015-03-31 03:00:00',14,0.58,52.75),(1,'2015-03-31 04:00:00',-6,0.63,172.19),(1,'2015-03-31 05:00:00',-8,0.04,90.51),(1,'2015-03-31 06:00:00',3,0.50,172.32),(1,'2015-03-31 07:00:00',8,0.82,63.04),(1,'2015-03-31 08:00:00',-7,0.86,114.47),(1,'2015-03-31 09:00:00',5,0.57,140.61),(1,'2015-03-31 10:00:00',-4,0.10,182.58),(1,'2015-03-31 11:00:00',13,0.48,142.38),(1,'2015-03-31 12:00:00',12,0.09,22.24),(1,'2015-03-31 13:00:00',6,0.69,104.95),(1,'2015-03-31 14:00:00',7,0.82,91.79),(1,'2015-03-31 15:00:00',12,0.01,36.38),(1,'2015-03-31 16:00:00',9,0.97,42.53),(1,'2015-03-31 17:00:00',-7,0.94,72.15),(1,'2015-03-31 18:00:00',20,0.40,191.66),(1,'2015-03-31 19:00:00',17,0.99,104.36),(1,'2015-03-31 20:00:00',17,0.60,95.69),(1,'2015-03-31 21:00:00',-3,0.63,80.30),(1,'2015-03-31 22:00:00',5,0.14,184.44),(1,'2015-03-31 23:00:00',16,0.65,66.07),(1,'2015-04-01 00:00:00',-1,0.97,190.12),(1,'2015-04-01 01:00:00',1,0.53,181.55),(1,'2015-04-01 02:00:00',17,0.14,76.38),(1,'2015-04-01 03:00:00',17,0.20,59.14),(1,'2015-04-01 04:00:00',-2,0.48,148.64),(1,'2015-04-01 05:00:00',20,0.35,152.60),(1,'2015-04-01 06:00:00',5,0.05,37.24),(1,'2015-04-01 07:00:00',9,0.12,163.40),(1,'2015-04-01 08:00:00',14,0.34,77.92),(1,'2015-04-01 09:00:00',12,0.67,130.23),(1,'2015-04-01 10:00:00',17,0.89,49.72),(1,'2015-04-01 11:00:00',-6,0.91,27.16),(1,'2015-04-01 12:00:00',9,0.95,75.46),(1,'2015-04-01 13:00:00',-2,0.48,82.30),(1,'2015-04-01 14:00:00',0,0.61,99.03),(1,'2015-04-01 15:00:00',9,0.97,118.79),(1,'2015-04-01 16:00:00',1,0.59,112.85),(1,'2015-04-01 17:00:00',8,0.85,77.34),(1,'2015-04-01 18:00:00',17,0.21,183.65),(1,'2015-04-01 19:00:00',-2,0.15,140.43),(1,'2015-04-01 20:00:00',-6,0.38,67.04),(1,'2015-04-01 21:00:00',10,0.19,82.31),(1,'2015-04-01 22:00:00',14,0.24,196.87),(1,'2015-04-01 23:00:00',9,0.57,33.54),(1,'2015-04-02 00:00:00',18,0.09,161.90),(1,'2015-04-02 01:00:00',-3,0.34,123.25),(1,'2015-04-02 02:00:00',-2,0.14,193.25),(1,'2015-04-02 03:00:00',9,0.34,64.00),(1,'2015-04-02 04:00:00',12,0.91,179.14),(1,'2015-04-02 05:00:00',-9,0.17,106.79),(1,'2015-04-02 06:00:00',9,0.92,123.82),(1,'2015-04-02 07:00:00',11,0.92,198.60),(1,'2015-04-02 08:00:00',19,0.17,190.32),(1,'2015-04-02 09:00:00',3,0.75,20.18),(1,'2015-04-02 10:00:00',7,0.07,120.80),(1,'2015-04-02 11:00:00',4,0.60,127.70),(1,'2015-04-02 12:00:00',13,0.96,135.75),(1,'2015-04-02 13:00:00',13,0.80,31.75),(1,'2015-04-02 14:00:00',13,0.05,46.28),(1,'2015-04-02 15:00:00',6,0.89,187.02),(1,'2015-04-02 16:00:00',0,0.30,30.05),(1,'2015-04-02 17:00:00',-2,0.73,126.18),(1,'2015-04-02 18:00:00',9,0.69,65.27),(1,'2015-04-02 19:00:00',6,0.32,108.93),(1,'2015-04-02 20:00:00',19,0.72,129.68),(1,'2015-04-02 21:00:00',-2,0.78,154.88),(1,'2015-04-02 22:00:00',11,0.72,24.03),(1,'2015-04-02 23:00:00',5,0.57,23.84),(1,'2015-04-03 00:00:00',15,0.53,78.00),(1,'2015-04-03 01:00:00',17,0.47,172.00),(1,'2015-04-03 02:00:00',19,0.74,176.65),(1,'2015-04-03 03:00:00',-2,0.80,69.50),(1,'2015-04-03 04:00:00',9,0.09,32.36),(1,'2015-04-03 05:00:00',12,0.26,42.77),(1,'2015-04-03 06:00:00',2,0.06,147.30),(1,'2015-04-03 07:00:00',8,0.78,167.78),(1,'2015-04-03 08:00:00',13,0.51,183.33),(1,'2015-04-03 09:00:00',-7,0.63,73.22),(1,'2015-04-03 10:00:00',7,0.75,30.62),(1,'2015-04-03 11:00:00',-5,0.35,56.72),(1,'2015-04-03 12:00:00',-7,0.44,156.10),(1,'2015-04-03 13:00:00',-4,0.13,144.73),(1,'2015-04-03 14:00:00',-3,0.55,168.50),(1,'2015-04-03 15:00:00',16,0.27,62.80),(1,'2015-04-03 16:00:00',20,0.37,99.35),(1,'2015-04-03 17:00:00',-6,0.10,42.98),(1,'2015-04-03 18:00:00',-3,0.90,124.88),(1,'2015-04-03 19:00:00',-7,0.56,84.62),(1,'2015-04-03 20:00:00',8,0.82,100.06),(1,'2015-04-03 21:00:00',8,0.95,141.13),(1,'2015-04-03 22:00:00',10,0.25,75.75),(1,'2015-04-03 23:00:00',-5,0.07,138.31),(1,'2015-04-04 00:00:00',3,0.60,175.27),(1,'2015-04-04 01:00:00',17,0.52,60.16),(1,'2015-04-04 02:00:00',-4,0.28,140.28),(1,'2015-04-04 03:00:00',15,0.99,75.64),(1,'2015-04-04 04:00:00',-2,0.62,104.01),(1,'2015-04-04 05:00:00',-5,0.13,187.11),(1,'2015-04-04 06:00:00',1,0.99,74.15),(1,'2015-04-04 07:00:00',0,0.95,133.41),(1,'2015-04-04 08:00:00',-5,0.99,159.65),(1,'2015-04-04 09:00:00',2,0.64,68.22),(1,'2015-04-04 10:00:00',7,0.06,172.03),(1,'2015-04-04 11:00:00',-9,0.96,198.12),(1,'2015-04-04 12:00:00',4,0.95,87.79),(1,'2015-04-04 13:00:00',-7,0.03,135.26),(1,'2015-04-04 14:00:00',2,0.07,98.28),(1,'2015-04-04 15:00:00',9,0.68,97.44),(1,'2015-04-04 16:00:00',-3,0.87,188.42),(1,'2015-04-04 17:00:00',17,0.65,46.94),(1,'2015-04-04 18:00:00',-1,0.46,135.74),(1,'2015-04-04 19:00:00',3,0.77,98.47),(1,'2015-04-04 20:00:00',-10,0.96,195.04),(1,'2015-04-04 21:00:00',-1,0.67,61.80),(1,'2015-04-04 22:00:00',9,0.75,185.78),(1,'2015-04-04 23:00:00',16,0.35,77.37),(1,'2015-04-05 00:00:00',19,0.89,197.32),(1,'2015-04-05 01:00:00',5,0.04,61.16),(1,'2015-04-05 02:00:00',6,0.56,158.12),(1,'2015-04-05 03:00:00',16,0.42,121.22),(1,'2015-04-05 04:00:00',-5,0.53,191.48),(1,'2015-04-05 05:00:00',-5,0.05,111.77),(1,'2015-04-05 06:00:00',1,0.86,158.15),(1,'2015-04-05 07:00:00',-10,0.76,183.38),(1,'2015-04-05 08:00:00',-9,0.77,183.11),(1,'2015-04-05 09:00:00',-7,0.83,79.14),(1,'2015-04-05 10:00:00',19,0.24,57.23),(1,'2015-04-05 11:00:00',20,0.67,182.67),(1,'2015-04-05 12:00:00',10,0.07,128.69),(1,'2015-04-05 13:00:00',-10,0.80,40.51),(1,'2015-04-05 14:00:00',-8,0.88,130.73),(1,'2015-04-05 15:00:00',11,0.75,190.07),(1,'2015-04-05 16:00:00',16,0.44,81.33),(1,'2015-04-05 17:00:00',-1,0.19,135.72),(1,'2015-04-05 18:00:00',19,0.44,75.41),(1,'2015-04-05 19:00:00',-5,0.87,76.84),(1,'2015-04-05 20:00:00',19,0.16,109.25),(1,'2015-04-05 21:00:00',-8,0.97,147.21),(1,'2015-04-05 22:00:00',15,0.37,55.44),(1,'2015-04-05 23:00:00',3,0.66,161.81),(1,'2015-04-06 00:00:00',10,0.77,87.26),(1,'2015-04-06 01:00:00',-8,0.58,164.35),(1,'2015-04-06 02:00:00',0,0.82,134.97),(1,'2015-04-06 03:00:00',-8,0.21,95.29),(1,'2015-04-06 04:00:00',19,0.52,33.20),(1,'2015-04-06 05:00:00',6,0.83,89.65),(1,'2015-04-06 06:00:00',14,0.94,162.28),(1,'2015-04-06 07:00:00',-10,0.32,35.52),(1,'2015-04-06 08:00:00',10,0.46,105.73),(1,'2015-04-06 09:00:00',-2,0.62,188.68),(1,'2015-04-06 10:00:00',19,0.02,21.40),(1,'2015-04-06 11:00:00',7,0.79,162.55),(1,'2015-04-06 12:00:00',14,0.04,128.12),(1,'2015-04-06 13:00:00',-8,0.17,193.68),(1,'2015-04-06 14:00:00',4,0.55,55.96),(1,'2015-04-06 15:00:00',-2,0.68,141.23),(1,'2015-04-06 16:00:00',3,0.23,129.27),(1,'2015-04-06 17:00:00',0,0.17,72.51),(1,'2015-04-06 18:00:00',11,0.14,188.72),(1,'2015-04-06 19:00:00',-10,0.22,42.59),(1,'2015-04-06 20:00:00',2,0.33,29.31),(1,'2015-04-06 21:00:00',-1,0.10,22.59),(1,'2015-04-06 22:00:00',11,0.21,122.99),(1,'2015-04-06 23:00:00',0,0.43,122.10),(1,'2015-04-07 00:00:00',10,0.26,197.96),(1,'2015-04-07 01:00:00',-9,0.17,109.65),(1,'2015-04-07 02:00:00',13,0.98,65.17),(1,'2015-04-07 03:00:00',9,0.21,20.59),(1,'2015-04-07 04:00:00',11,0.80,149.11),(1,'2015-04-07 05:00:00',0,0.60,156.75),(1,'2015-04-07 06:00:00',9,0.11,62.46),(1,'2015-04-07 07:00:00',20,0.10,121.98),(1,'2015-04-07 08:00:00',-1,0.26,186.56),(1,'2015-04-07 09:00:00',7,0.59,92.01),(1,'2015-04-07 10:00:00',11,0.23,27.99),(1,'2015-04-07 11:00:00',-7,0.63,115.05),(1,'2015-04-07 12:00:00',-8,0.85,150.96),(1,'2015-04-07 13:00:00',12,0.92,190.77),(1,'2015-04-07 14:00:00',3,0.49,182.58),(1,'2015-04-07 15:00:00',7,0.59,128.01),(1,'2015-04-07 16:00:00',15,0.01,96.38),(1,'2015-04-07 17:00:00',-1,0.85,38.20),(1,'2015-04-07 18:00:00',10,0.34,84.67),(1,'2015-04-07 19:00:00',13,0.04,193.70),(1,'2015-04-07 20:00:00',20,0.45,119.42),(1,'2015-04-07 21:00:00',17,0.88,40.76),(1,'2015-04-07 22:00:00',15,0.13,72.41),(1,'2015-04-07 23:00:00',-2,0.76,84.09),(1,'2015-04-08 00:00:00',-6,0.79,140.42),(1,'2015-04-08 01:00:00',-4,0.51,115.56),(1,'2015-04-08 02:00:00',10,0.87,42.18),(1,'2015-04-08 03:00:00',15,0.43,120.46),(1,'2015-04-08 04:00:00',3,0.82,147.50),(1,'2015-04-08 05:00:00',3,0.14,75.32),(1,'2015-04-08 06:00:00',-6,0.27,46.74),(1,'2015-04-08 07:00:00',-7,0.61,73.24),(1,'2015-04-08 08:00:00',9,0.40,31.68),(1,'2015-04-08 09:00:00',13,0.31,148.65),(1,'2015-04-08 10:00:00',3,0.14,33.04),(1,'2015-04-08 11:00:00',-4,0.10,56.38),(1,'2015-04-08 12:00:00',12,0.22,148.19),(1,'2015-04-08 13:00:00',-1,0.35,181.57),(1,'2015-04-08 14:00:00',-6,0.60,63.05),(1,'2015-04-08 15:00:00',-4,0.18,84.65),(1,'2015-04-08 16:00:00',11,0.85,100.93),(1,'2015-04-08 17:00:00',-10,0.61,184.51),(1,'2015-04-08 18:00:00',-10,0.38,67.24),(1,'2015-04-08 19:00:00',6,0.06,64.02),(1,'2015-04-08 20:00:00',5,0.07,35.60),(1,'2015-04-08 21:00:00',-3,0.99,195.87),(1,'2015-04-08 22:00:00',18,0.18,67.37),(1,'2015-04-08 23:00:00',4,0.94,105.76),(1,'2015-04-09 00:00:00',3,0.53,91.69),(1,'2015-04-09 01:00:00',5,0.11,189.14),(1,'2015-04-09 02:00:00',-6,0.94,160.55),(1,'2015-04-09 03:00:00',15,0.28,88.67),(1,'2015-04-09 04:00:00',14,0.13,130.43),(1,'2015-04-09 05:00:00',-4,0.12,30.30),(1,'2015-04-09 06:00:00',20,0.96,153.93),(1,'2015-04-09 07:00:00',5,0.73,96.17),(1,'2015-04-09 08:00:00',16,0.21,94.73),(1,'2015-04-09 09:00:00',-5,0.20,183.93),(1,'2015-04-09 10:00:00',-8,0.85,182.37),(1,'2015-04-09 11:00:00',17,0.42,122.40),(1,'2015-04-09 12:00:00',9,0.12,181.51),(1,'2015-04-09 13:00:00',9,0.25,41.22),(1,'2015-04-09 14:00:00',2,0.03,124.39),(1,'2015-04-09 15:00:00',-1,0.47,43.02),(1,'2015-04-09 16:00:00',-10,0.58,57.41),(1,'2015-04-09 17:00:00',5,0.58,155.01),(1,'2015-04-09 18:00:00',-6,0.85,170.84),(1,'2015-04-09 19:00:00',10,0.24,133.88),(1,'2015-04-09 20:00:00',17,0.68,167.39),(1,'2015-04-09 21:00:00',9,0.72,137.98),(1,'2015-04-09 22:00:00',10,0.75,143.92),(1,'2015-04-09 23:00:00',-6,0.57,136.70),(1,'2015-04-10 00:00:00',1,0.73,132.70),(1,'2015-04-10 01:00:00',-8,0.41,105.03),(1,'2015-04-10 02:00:00',3,0.47,63.92),(1,'2015-04-10 03:00:00',-7,0.34,59.45),(1,'2015-04-10 04:00:00',4,0.74,58.89),(1,'2015-04-10 05:00:00',-8,0.97,172.27),(1,'2015-04-10 06:00:00',-8,0.21,28.85),(1,'2015-04-10 07:00:00',18,0.33,54.46),(1,'2015-04-10 08:00:00',2,0.45,137.61),(1,'2015-04-10 09:00:00',-5,0.41,51.11),(1,'2015-04-10 10:00:00',6,0.31,52.89),(1,'2015-04-10 11:00:00',3,0.67,137.95),(1,'2015-04-10 12:00:00',1,0.45,153.35),(1,'2015-04-10 13:00:00',0,0.76,47.79),(1,'2015-04-10 14:00:00',-3,0.19,191.54),(1,'2015-04-10 15:00:00',7,0.82,146.81),(1,'2015-04-10 16:00:00',9,0.45,137.78),(1,'2015-04-10 17:00:00',-10,0.61,65.51),(1,'2015-04-10 18:00:00',7,0.15,34.95),(1,'2015-04-10 19:00:00',9,0.02,171.08),(1,'2015-04-10 20:00:00',-7,0.33,98.08),(1,'2015-04-10 21:00:00',16,0.27,80.98),(1,'2015-04-10 22:00:00',-7,0.69,129.55),(1,'2015-04-10 23:00:00',16,0.35,128.10),(1,'2015-04-11 00:00:00',-6,0.27,130.27),(1,'2015-04-11 01:00:00',11,0.12,160.58),(1,'2015-04-11 02:00:00',14,0.47,80.25),(1,'2015-04-11 03:00:00',1,0.71,21.19),(1,'2015-04-11 04:00:00',5,0.94,56.72),(1,'2015-04-11 05:00:00',13,0.58,50.77),(1,'2015-04-11 06:00:00',11,0.36,45.72),(1,'2015-04-11 07:00:00',9,0.75,59.15),(1,'2015-04-11 08:00:00',10,0.40,25.90),(1,'2015-04-11 09:00:00',-6,0.38,37.22),(1,'2015-04-11 10:00:00',-7,0.40,147.70),(1,'2015-04-11 11:00:00',17,0.83,77.51),(1,'2015-04-11 12:00:00',16,0.44,74.29),(1,'2015-04-11 13:00:00',6,0.83,112.59),(1,'2015-04-11 14:00:00',1,0.70,185.83),(1,'2015-04-11 15:00:00',6,0.44,145.23),(1,'2015-04-11 16:00:00',-6,0.83,153.82),(1,'2015-04-11 17:00:00',13,0.12,46.44),(1,'2015-04-11 18:00:00',-9,0.76,65.90),(1,'2015-04-11 19:00:00',9,0.27,161.07),(1,'2015-04-11 20:00:00',0,0.00,134.72),(1,'2015-04-11 21:00:00',6,0.71,197.52),(1,'2015-04-11 22:00:00',6,0.67,69.92),(1,'2015-04-11 23:00:00',11,0.99,74.01),(1,'2015-04-12 00:00:00',15,0.88,181.83),(1,'2015-04-12 01:00:00',3,0.25,124.80),(1,'2015-04-12 02:00:00',16,0.92,80.71),(1,'2015-04-12 03:00:00',10,0.58,65.38),(1,'2015-04-12 04:00:00',-2,0.37,56.18),(1,'2015-04-12 05:00:00',20,0.81,61.25),(1,'2015-04-12 06:00:00',20,0.21,71.68),(1,'2015-04-12 07:00:00',0,0.62,151.69),(1,'2015-04-12 08:00:00',8,0.53,105.61),(1,'2015-04-12 09:00:00',7,0.10,134.56),(1,'2015-04-12 10:00:00',0,0.64,92.52),(1,'2015-04-12 11:00:00',-1,0.53,115.93),(1,'2015-04-12 12:00:00',14,0.37,58.39),(1,'2015-04-12 13:00:00',-3,0.61,167.53),(1,'2015-04-12 14:00:00',5,0.75,43.20),(1,'2015-04-12 15:00:00',-5,0.21,42.23),(1,'2015-04-12 16:00:00',1,0.04,23.26),(1,'2015-04-12 17:00:00',8,0.62,103.70),(1,'2015-04-12 18:00:00',-10,0.23,61.99),(1,'2015-04-12 19:00:00',-5,0.42,145.61),(1,'2015-04-12 20:00:00',18,0.86,196.24),(1,'2015-04-12 21:00:00',9,0.82,33.92),(1,'2015-04-12 22:00:00',7,0.85,67.58),(1,'2015-04-12 23:00:00',-4,0.25,44.26),(1,'2015-04-13 00:00:00',9,0.45,127.61),(1,'2015-04-13 01:00:00',-2,0.76,53.79),(1,'2015-04-13 02:00:00',19,0.31,97.40),(1,'2015-04-13 03:00:00',6,0.94,100.46),(1,'2015-04-13 04:00:00',11,0.77,143.86),(1,'2015-04-13 05:00:00',-1,0.36,147.82),(1,'2015-04-13 06:00:00',7,0.90,60.76),(1,'2015-04-13 07:00:00',7,0.12,71.00),(1,'2015-04-13 08:00:00',-4,0.91,113.35),(1,'2015-04-13 09:00:00',-3,0.67,99.07),(1,'2015-04-13 10:00:00',18,0.82,74.86),(1,'2015-04-13 11:00:00',-1,0.47,192.22),(1,'2015-04-13 12:00:00',18,0.79,143.77),(1,'2015-04-13 13:00:00',7,0.42,63.03),(1,'2015-04-13 14:00:00',-7,0.43,94.37),(1,'2015-04-13 15:00:00',-7,0.02,175.67),(1,'2015-04-13 16:00:00',12,0.29,120.04),(1,'2015-04-13 17:00:00',1,0.10,92.32),(1,'2015-04-13 18:00:00',1,0.58,79.99),(1,'2015-04-13 19:00:00',-8,0.53,163.72),(1,'2015-04-13 20:00:00',-9,0.15,185.05),(1,'2015-04-13 21:00:00',6,0.96,89.83),(1,'2015-04-13 22:00:00',-4,0.76,35.08),(1,'2015-04-13 23:00:00',-6,0.36,88.93),(1,'2015-04-14 00:00:00',-9,0.91,95.40),(1,'2015-04-14 01:00:00',-10,0.17,135.25),(1,'2015-04-14 02:00:00',14,0.70,56.08),(1,'2015-04-14 03:00:00',-1,0.17,194.26),(1,'2015-04-14 04:00:00',-2,0.11,99.17),(1,'2015-04-14 05:00:00',11,0.71,172.90),(1,'2015-04-14 06:00:00',4,0.97,42.74),(1,'2015-04-14 07:00:00',6,0.85,182.59),(1,'2015-04-14 08:00:00',18,0.18,192.17),(1,'2015-04-14 09:00:00',1,0.95,65.99),(1,'2015-04-14 10:00:00',-5,0.05,48.42),(1,'2015-04-14 11:00:00',6,0.01,155.45),(1,'2015-04-14 12:00:00',4,0.42,193.27),(1,'2015-04-14 13:00:00',12,0.15,30.69),(1,'2015-04-14 14:00:00',15,0.86,74.67),(1,'2015-04-14 15:00:00',12,0.71,199.77),(1,'2015-04-14 16:00:00',19,0.33,175.82),(1,'2015-04-14 17:00:00',2,0.55,87.97),(1,'2015-04-14 18:00:00',15,0.19,60.77),(1,'2015-04-14 19:00:00',11,0.17,165.75),(1,'2015-04-14 20:00:00',5,0.04,97.82),(1,'2015-04-14 21:00:00',-1,0.49,85.31),(1,'2015-04-14 22:00:00',6,0.37,127.57),(1,'2015-04-14 23:00:00',8,0.65,22.03),(1,'2015-04-15 00:00:00',15,0.52,148.39),(1,'2015-04-15 01:00:00',-2,0.46,176.11),(1,'2015-04-15 02:00:00',15,0.15,159.81),(1,'2015-04-15 03:00:00',19,0.37,51.35),(1,'2015-04-15 04:00:00',13,0.93,86.57),(1,'2015-04-15 05:00:00',13,0.28,79.10),(1,'2015-04-15 06:00:00',-2,0.83,100.81),(1,'2015-04-15 07:00:00',8,0.32,112.93),(1,'2015-04-15 08:00:00',4,0.64,42.45),(1,'2015-04-15 09:00:00',16,0.46,164.35),(1,'2015-04-15 10:00:00',17,0.81,121.14),(1,'2015-04-15 11:00:00',7,0.42,29.18),(1,'2015-04-15 12:00:00',18,0.78,52.63),(1,'2015-04-15 13:00:00',-5,0.55,120.19),(1,'2015-04-15 14:00:00',11,0.34,98.30),(1,'2015-04-15 15:00:00',3,0.88,141.88),(1,'2015-04-15 16:00:00',5,0.51,189.02),(1,'2015-04-15 17:00:00',7,0.97,187.88),(1,'2015-04-15 18:00:00',15,0.48,192.21),(1,'2015-04-15 19:00:00',2,0.79,198.03),(1,'2015-04-15 20:00:00',-2,0.72,58.28),(1,'2015-04-15 21:00:00',10,0.28,193.19),(1,'2015-04-15 22:00:00',5,0.57,110.31),(1,'2015-04-15 23:00:00',16,0.98,190.53),(1,'2015-04-16 00:00:00',-9,0.95,133.53),(1,'2015-04-16 01:00:00',17,0.73,33.82),(1,'2015-04-16 02:00:00',10,0.32,24.24),(1,'2015-04-16 03:00:00',-5,0.17,50.81),(1,'2015-04-16 04:00:00',-3,0.40,31.24),(1,'2015-04-16 05:00:00',-3,0.68,55.81),(1,'2015-04-16 06:00:00',-2,0.90,39.81),(1,'2015-04-16 07:00:00',-10,0.48,74.06),(1,'2015-04-16 08:00:00',-4,0.24,63.67),(1,'2015-04-16 09:00:00',11,0.48,106.92),(1,'2015-04-16 10:00:00',1,0.21,141.01),(1,'2015-04-16 11:00:00',5,0.42,161.14),(1,'2015-04-16 12:00:00',-6,0.73,106.27),(1,'2015-04-16 13:00:00',20,0.01,138.46),(1,'2015-04-16 14:00:00',-3,0.89,182.67),(1,'2015-04-16 15:00:00',-9,0.41,144.30),(1,'2015-04-16 16:00:00',2,0.66,108.78),(1,'2015-04-16 17:00:00',5,0.36,105.20),(1,'2015-04-16 18:00:00',-6,0.82,164.90),(1,'2015-04-16 19:00:00',-8,0.26,39.87),(1,'2015-04-16 20:00:00',6,0.14,146.89),(1,'2015-04-16 21:00:00',-1,0.76,42.58),(1,'2015-04-16 22:00:00',15,0.13,78.15),(1,'2015-04-16 23:00:00',10,0.07,67.70),(1,'2015-04-17 00:00:00',10,0.81,118.57),(1,'2015-04-17 01:00:00',-10,0.69,166.45),(1,'2015-04-17 02:00:00',0,0.68,71.23),(1,'2015-04-17 03:00:00',3,0.51,148.88),(1,'2015-04-17 04:00:00',17,0.37,118.06),(1,'2015-04-17 05:00:00',8,0.17,46.96),(1,'2015-04-17 06:00:00',-3,0.73,197.40),(1,'2015-04-17 07:00:00',-5,0.59,21.53),(1,'2015-04-17 08:00:00',2,0.80,147.29),(1,'2015-04-17 09:00:00',13,0.50,122.64),(1,'2015-04-17 10:00:00',-4,0.97,193.55),(1,'2015-04-17 11:00:00',16,0.59,146.92),(1,'2015-04-17 12:00:00',1,0.49,181.63),(1,'2015-04-17 13:00:00',20,0.58,36.20),(1,'2015-04-17 14:00:00',-10,0.00,23.12),(1,'2015-04-17 15:00:00',20,0.55,161.38),(1,'2015-04-17 16:00:00',17,0.71,158.90),(1,'2015-04-17 17:00:00',20,0.55,99.11),(1,'2015-04-17 18:00:00',8,0.55,75.92),(1,'2015-04-17 19:00:00',17,0.80,103.05),(1,'2015-04-17 20:00:00',-9,0.28,191.32),(1,'2015-04-17 21:00:00',14,0.30,138.94),(1,'2015-04-17 22:00:00',-7,0.32,113.16),(1,'2015-04-17 23:00:00',-5,0.70,125.43),(1,'2015-04-18 00:00:00',13,0.49,95.84),(1,'2015-04-18 01:00:00',-9,0.33,82.30),(1,'2015-04-18 02:00:00',-8,0.36,131.26),(1,'2015-04-18 03:00:00',-2,0.18,71.22),(1,'2015-04-18 04:00:00',8,0.66,113.38),(1,'2015-04-18 05:00:00',1,0.12,93.76),(1,'2015-04-18 06:00:00',-3,0.20,40.19),(1,'2015-04-18 07:00:00',7,0.99,75.62),(1,'2015-04-18 08:00:00',0,0.92,45.06),(1,'2015-04-18 09:00:00',2,0.08,144.82),(1,'2015-04-18 10:00:00',11,0.87,45.71),(1,'2015-04-18 11:00:00',20,0.53,49.30),(1,'2015-04-18 12:00:00',6,0.79,188.04),(1,'2015-04-18 13:00:00',20,0.55,34.86),(1,'2015-04-18 14:00:00',12,1.00,168.33),(1,'2015-04-18 15:00:00',9,0.13,169.76),(1,'2015-04-18 16:00:00',-2,1.00,199.53),(1,'2015-04-18 17:00:00',-1,0.77,22.61),(1,'2015-04-18 18:00:00',12,0.43,39.22),(1,'2015-04-18 19:00:00',8,0.62,121.82),(1,'2015-04-18 20:00:00',-1,0.70,113.87),(1,'2015-04-18 21:00:00',12,0.18,118.22),(1,'2015-04-18 22:00:00',-2,0.84,191.98),(1,'2015-04-18 23:00:00',-7,0.70,117.69),(1,'2015-04-19 00:00:00',4,0.38,198.55),(1,'2015-04-19 01:00:00',11,0.08,181.59),(1,'2015-04-19 02:00:00',-2,0.18,52.55),(1,'2015-04-19 03:00:00',2,0.20,175.34),(1,'2015-04-19 04:00:00',2,0.81,105.67),(1,'2015-04-19 05:00:00',19,0.41,89.80),(1,'2015-04-19 06:00:00',8,0.58,111.01),(1,'2015-04-19 07:00:00',16,0.27,90.35),(1,'2015-04-19 08:00:00',2,0.24,183.48),(1,'2015-04-19 09:00:00',-2,0.10,180.06),(1,'2015-04-19 10:00:00',13,0.75,132.45),(1,'2015-04-19 11:00:00',-4,0.55,70.72),(1,'2015-04-19 12:00:00',5,0.01,43.50),(1,'2015-04-19 13:00:00',-3,0.88,59.36),(1,'2015-04-19 14:00:00',-9,0.68,104.65),(1,'2015-04-19 15:00:00',13,0.91,73.60),(1,'2015-04-19 16:00:00',-9,0.21,60.67),(1,'2015-04-19 17:00:00',8,0.42,86.86),(1,'2015-04-19 18:00:00',16,0.97,139.19),(1,'2015-04-19 19:00:00',14,0.14,163.49),(1,'2015-04-19 20:00:00',0,0.07,159.42),(1,'2015-04-19 21:00:00',6,0.73,123.78),(1,'2015-04-19 22:00:00',1,0.40,81.29),(1,'2015-04-19 23:00:00',13,0.67,66.35),(1,'2015-04-20 00:00:00',-2,0.84,135.77),(1,'2015-04-20 01:00:00',-6,0.59,86.99),(1,'2015-04-20 02:00:00',-9,0.77,199.28),(1,'2015-04-20 03:00:00',-5,0.98,118.96),(1,'2015-04-20 04:00:00',5,0.35,190.19),(1,'2015-04-20 05:00:00',-7,0.75,21.24),(1,'2015-04-20 06:00:00',13,0.77,192.38),(1,'2015-04-20 07:00:00',-8,0.82,71.80),(1,'2015-04-20 08:00:00',11,0.65,156.19),(1,'2015-04-20 09:00:00',-1,0.19,64.59),(1,'2015-04-20 10:00:00',6,0.01,193.11),(1,'2015-04-20 11:00:00',3,0.55,199.78),(1,'2015-04-20 12:00:00',6,0.96,61.19),(1,'2015-04-20 13:00:00',-4,0.05,149.10),(1,'2015-04-20 14:00:00',16,0.81,127.53),(1,'2015-04-20 15:00:00',19,0.02,138.50),(1,'2015-04-20 16:00:00',-7,0.74,80.08),(1,'2015-04-20 17:00:00',16,0.13,34.03),(1,'2015-04-20 18:00:00',9,0.30,106.21),(1,'2015-04-20 19:00:00',-10,0.89,104.01),(1,'2015-04-20 20:00:00',6,0.91,98.83),(1,'2015-04-20 21:00:00',-8,0.45,140.32),(1,'2015-04-20 22:00:00',20,0.22,54.46),(1,'2015-04-20 23:00:00',7,0.78,109.63),(1,'2015-04-21 00:00:00',-10,0.53,59.46),(1,'2015-04-21 01:00:00',-10,0.78,183.67),(1,'2015-04-21 02:00:00',-1,0.84,134.15),(1,'2015-04-21 03:00:00',20,0.58,63.93),(1,'2015-04-21 04:00:00',10,0.71,195.13),(1,'2015-04-21 05:00:00',-9,0.17,196.50),(1,'2015-04-21 06:00:00',15,0.64,113.52),(1,'2015-04-21 07:00:00',-1,0.61,141.28),(1,'2015-04-21 08:00:00',-3,0.57,52.58),(1,'2015-04-21 09:00:00',20,0.05,71.01),(1,'2015-04-21 10:00:00',8,0.43,42.25),(1,'2015-04-21 11:00:00',3,0.70,60.87),(1,'2015-04-21 12:00:00',4,0.63,193.93),(1,'2015-04-21 13:00:00',8,0.22,165.79),(1,'2015-04-21 14:00:00',14,0.97,71.17),(1,'2015-04-21 15:00:00',13,0.72,73.29),(1,'2015-04-21 16:00:00',4,0.82,117.66),(1,'2015-04-21 17:00:00',-5,0.79,145.40),(1,'2015-04-21 18:00:00',8,0.90,99.25),(1,'2015-04-21 19:00:00',2,0.16,92.83),(1,'2015-04-21 20:00:00',-10,0.25,178.67),(1,'2015-04-21 21:00:00',19,0.52,132.97),(1,'2015-04-21 22:00:00',-3,0.78,55.66),(1,'2015-04-21 23:00:00',19,0.07,65.89),(1,'2015-04-22 00:00:00',-5,0.15,67.68),(1,'2015-04-22 01:00:00',7,0.90,151.06),(1,'2015-04-22 02:00:00',7,0.06,145.14),(1,'2015-04-22 03:00:00',20,0.09,65.01),(1,'2015-04-22 04:00:00',6,0.60,49.50),(1,'2015-04-22 05:00:00',20,0.44,135.96),(1,'2015-04-22 06:00:00',20,0.44,73.29),(1,'2015-04-22 07:00:00',18,0.69,188.44),(1,'2015-04-22 08:00:00',2,0.52,34.51),(1,'2015-04-22 09:00:00',13,0.06,95.53),(1,'2015-04-22 10:00:00',9,0.19,193.43),(1,'2015-04-22 11:00:00',-5,0.53,127.32),(1,'2015-04-22 12:00:00',13,0.27,25.33),(1,'2015-04-22 13:00:00',-1,0.30,43.71),(1,'2015-04-22 14:00:00',8,0.70,99.46),(1,'2015-04-22 15:00:00',10,0.59,146.19),(1,'2015-04-22 16:00:00',1,0.76,187.34),(1,'2015-04-22 17:00:00',-6,0.15,173.87),(1,'2015-04-22 18:00:00',-10,0.31,117.45),(1,'2015-04-22 19:00:00',-5,0.33,152.32),(1,'2015-04-22 20:00:00',14,0.09,80.39),(1,'2015-04-22 21:00:00',-4,0.01,44.49),(1,'2015-04-22 22:00:00',1,0.18,118.33),(1,'2015-04-22 23:00:00',9,0.57,39.69),(1,'2015-04-23 00:00:00',8,0.47,136.40),(1,'2015-04-23 01:00:00',16,0.29,87.91),(1,'2015-04-23 02:00:00',17,0.71,70.60),(1,'2015-04-23 03:00:00',2,0.94,100.08),(1,'2015-04-23 04:00:00',5,0.85,37.39),(1,'2015-04-23 05:00:00',1,0.35,126.07),(1,'2015-04-23 06:00:00',7,0.20,95.41),(1,'2015-04-23 07:00:00',-8,0.58,139.84),(1,'2015-04-23 08:00:00',18,0.81,71.75),(1,'2015-04-23 09:00:00',5,0.08,139.88),(1,'2015-04-23 10:00:00',-9,0.69,159.73),(1,'2015-04-23 11:00:00',-5,0.55,74.99),(1,'2015-04-23 12:00:00',14,0.45,43.21),(1,'2015-04-23 13:00:00',18,0.31,69.49),(1,'2015-04-23 14:00:00',2,0.61,92.43),(1,'2015-04-23 15:00:00',-6,0.61,83.67),(1,'2015-04-23 16:00:00',7,0.99,161.20),(1,'2015-04-23 17:00:00',19,0.41,83.54),(1,'2015-04-23 18:00:00',-4,0.91,66.50),(1,'2015-04-23 19:00:00',18,0.73,179.69),(1,'2015-04-23 20:00:00',19,0.55,129.73),(1,'2015-04-23 21:00:00',3,0.65,114.11),(1,'2015-04-23 22:00:00',-9,0.50,126.55),(1,'2015-04-23 23:00:00',3,0.88,46.47),(1,'2015-04-24 00:00:00',-7,0.45,82.83),(1,'2015-04-24 01:00:00',3,0.71,105.46),(1,'2015-04-24 02:00:00',10,0.09,25.99),(1,'2015-04-24 03:00:00',20,0.24,100.74),(1,'2015-04-24 04:00:00',3,0.47,176.32),(1,'2015-04-24 05:00:00',2,0.60,119.52),(1,'2015-04-24 06:00:00',11,0.58,171.70),(1,'2015-04-24 07:00:00',-10,0.80,47.14),(1,'2015-04-24 08:00:00',5,0.65,188.93),(1,'2015-04-24 09:00:00',-6,0.18,130.70),(1,'2015-04-24 10:00:00',-7,0.28,158.80),(1,'2015-04-24 11:00:00',2,0.16,45.28),(1,'2015-04-24 12:00:00',-5,0.83,28.74),(1,'2015-04-24 13:00:00',14,0.34,199.64),(1,'2015-04-24 14:00:00',13,0.79,137.57),(1,'2015-04-24 15:00:00',-6,0.66,118.66),(1,'2015-04-24 16:00:00',-8,0.96,192.91),(1,'2015-04-24 17:00:00',20,0.79,187.35),(1,'2015-04-24 18:00:00',-7,0.82,94.51),(1,'2015-04-24 19:00:00',-6,0.48,167.06),(1,'2015-04-24 20:00:00',-4,0.21,59.13),(1,'2015-04-24 21:00:00',15,0.99,174.44),(1,'2015-04-24 22:00:00',2,0.73,176.05),(1,'2015-04-24 23:00:00',-8,0.92,114.63),(1,'2015-04-25 00:00:00',16,0.73,26.52),(1,'2015-04-25 01:00:00',1,0.59,43.64),(1,'2015-04-25 02:00:00',1,0.46,100.83),(1,'2015-04-25 03:00:00',11,0.77,188.38),(1,'2015-04-25 04:00:00',16,0.61,190.80),(1,'2015-04-25 05:00:00',2,0.04,135.09),(1,'2015-04-25 06:00:00',-9,0.53,113.55),(1,'2015-04-25 07:00:00',0,0.12,103.88),(1,'2015-04-25 08:00:00',16,0.96,198.86),(1,'2015-04-25 09:00:00',13,0.10,139.11),(1,'2015-04-25 10:00:00',-8,0.42,59.91),(1,'2015-04-25 11:00:00',20,0.34,174.18),(1,'2015-04-25 12:00:00',10,0.66,173.09),(1,'2015-04-25 13:00:00',17,0.57,165.78),(1,'2015-04-25 14:00:00',9,0.53,145.02),(1,'2015-04-25 15:00:00',19,0.37,74.93),(1,'2015-04-25 16:00:00',6,0.15,62.45),(1,'2015-04-25 17:00:00',-1,0.28,117.57),(1,'2015-04-25 18:00:00',-3,0.01,148.72),(1,'2015-04-25 19:00:00',-5,0.88,140.06),(1,'2015-04-25 20:00:00',0,0.22,113.12),(1,'2015-04-25 21:00:00',8,0.38,30.41),(1,'2015-04-25 22:00:00',1,0.80,177.96),(1,'2015-04-25 23:00:00',-1,0.49,121.46),(1,'2015-04-26 00:00:00',5,0.75,163.97),(1,'2015-04-26 01:00:00',3,0.04,20.12),(1,'2015-04-26 02:00:00',-6,0.35,47.67),(1,'2015-04-26 03:00:00',16,0.65,183.38),(1,'2015-04-26 04:00:00',8,0.79,69.32),(1,'2015-04-26 05:00:00',0,0.92,89.00),(1,'2015-04-26 06:00:00',4,0.05,170.77),(1,'2015-04-26 07:00:00',4,0.37,95.71),(1,'2015-04-26 08:00:00',-5,0.82,57.28),(1,'2015-04-26 09:00:00',15,0.06,175.45),(1,'2015-04-26 10:00:00',-7,0.42,183.17),(1,'2015-04-26 11:00:00',5,0.20,65.05),(1,'2015-04-26 12:00:00',4,0.54,93.85),(1,'2015-04-26 13:00:00',-1,0.44,159.10),(1,'2015-04-26 14:00:00',-8,0.84,114.77),(1,'2015-04-26 15:00:00',15,0.22,104.12),(1,'2015-04-26 16:00:00',7,0.47,56.28),(1,'2015-04-26 17:00:00',11,0.72,58.02),(1,'2015-04-26 18:00:00',14,0.16,134.90),(1,'2015-04-26 19:00:00',16,0.33,58.65),(1,'2015-04-26 20:00:00',5,0.41,165.49),(1,'2015-04-26 21:00:00',4,0.36,110.15),(1,'2015-04-26 22:00:00',-10,0.14,21.06),(1,'2015-04-26 23:00:00',-9,0.75,152.26),(1,'2015-04-27 00:00:00',-1,0.93,78.93),(1,'2015-04-27 01:00:00',16,0.46,199.30),(1,'2015-04-27 02:00:00',10,0.77,146.92),(1,'2015-04-27 03:00:00',3,0.75,69.09),(1,'2015-04-27 04:00:00',6,0.15,98.52),(1,'2015-04-27 05:00:00',-8,0.17,152.89),(1,'2015-04-27 06:00:00',-9,0.75,72.63),(1,'2015-04-27 07:00:00',13,0.43,147.51),(1,'2015-04-27 08:00:00',12,0.94,118.54),(1,'2015-04-27 09:00:00',-5,0.93,57.91),(1,'2015-04-27 10:00:00',-5,0.60,126.33),(1,'2015-04-27 11:00:00',-3,0.47,20.98),(1,'2015-04-27 12:00:00',14,0.81,39.82),(1,'2015-04-27 13:00:00',-10,0.94,22.29),(1,'2015-04-27 14:00:00',5,0.39,69.47),(1,'2015-04-27 15:00:00',13,0.17,112.64),(1,'2015-04-27 16:00:00',16,0.79,196.48),(1,'2015-04-27 17:00:00',-7,0.63,29.43),(1,'2015-04-27 18:00:00',9,0.04,118.26),(1,'2015-04-27 19:00:00',19,0.55,169.46),(1,'2015-04-27 20:00:00',1,0.78,147.73),(1,'2015-04-27 21:00:00',9,0.70,82.02),(1,'2015-04-27 22:00:00',10,0.99,144.58),(1,'2015-04-27 23:00:00',-7,0.35,112.15),(1,'2015-04-28 00:00:00',-4,0.62,28.18),(1,'2015-04-28 01:00:00',16,0.43,186.85),(1,'2015-04-28 02:00:00',-4,0.25,109.52),(1,'2015-04-28 03:00:00',-1,0.66,116.65),(1,'2015-04-28 04:00:00',7,0.47,48.89),(1,'2015-04-28 05:00:00',6,0.30,128.04),(1,'2015-04-28 06:00:00',-4,0.22,79.88),(1,'2015-04-28 07:00:00',8,0.77,77.98),(1,'2015-04-28 08:00:00',17,0.02,104.05),(1,'2015-04-28 09:00:00',-2,0.31,78.74),(1,'2015-04-28 10:00:00',18,0.29,110.53),(1,'2015-04-28 11:00:00',-1,0.67,197.03),(1,'2015-04-28 12:00:00',-7,0.77,178.03),(1,'2015-04-28 13:00:00',-5,0.35,171.75),(1,'2015-04-28 14:00:00',15,0.94,117.74),(1,'2015-04-28 15:00:00',-9,0.58,178.81),(1,'2015-04-28 16:00:00',-6,0.87,107.55),(1,'2015-04-28 17:00:00',3,0.98,93.55),(1,'2015-04-28 18:00:00',-10,0.27,131.26),(1,'2015-04-28 19:00:00',15,0.21,74.78),(1,'2015-04-28 20:00:00',12,0.34,34.19),(1,'2015-04-28 21:00:00',6,0.47,87.40),(1,'2015-04-28 22:00:00',14,0.32,46.48),(1,'2015-04-28 23:00:00',-5,0.59,135.39),(1,'2015-04-29 00:00:00',5,0.74,142.46),(1,'2015-04-29 01:00:00',-10,0.60,96.80),(1,'2015-04-29 02:00:00',19,0.93,62.10),(1,'2015-04-29 03:00:00',2,0.19,172.00),(1,'2015-04-29 04:00:00',2,0.43,139.24),(1,'2015-04-29 05:00:00',-8,0.95,82.15),(1,'2015-04-29 06:00:00',-1,0.23,113.44),(1,'2015-04-29 07:00:00',5,0.06,183.42),(1,'2015-04-29 08:00:00',17,0.28,63.72),(1,'2015-04-29 09:00:00',20,0.17,193.34),(1,'2015-04-29 10:00:00',4,0.16,188.71),(1,'2015-04-29 11:00:00',8,0.89,112.63),(1,'2015-04-29 12:00:00',1,0.52,151.77),(1,'2015-04-29 13:00:00',-2,0.36,96.98),(1,'2015-04-29 14:00:00',-3,0.25,116.02),(1,'2015-04-29 15:00:00',19,0.09,101.81),(1,'2015-04-29 16:00:00',1,0.93,189.41),(1,'2015-04-29 17:00:00',20,0.16,175.81),(1,'2015-04-29 18:00:00',10,0.98,139.61),(1,'2015-04-29 19:00:00',-8,0.25,38.00),(1,'2015-04-29 20:00:00',9,0.06,125.79),(1,'2015-04-29 21:00:00',2,0.29,168.35),(1,'2015-04-29 22:00:00',17,0.23,53.90),(1,'2015-04-29 23:00:00',-6,0.13,68.38),(1,'2015-04-30 00:00:00',12,0.77,195.57),(1,'2015-04-30 01:00:00',13,0.76,68.98),(1,'2015-04-30 02:00:00',6,0.88,181.54),(1,'2015-04-30 03:00:00',-3,0.02,25.03),(1,'2015-04-30 04:00:00',17,0.63,59.90),(1,'2015-04-30 05:00:00',20,0.33,49.16),(1,'2015-04-30 06:00:00',-6,0.39,199.24),(1,'2015-04-30 07:00:00',-7,0.92,87.53),(1,'2015-04-30 08:00:00',13,0.66,119.67),(1,'2015-04-30 09:00:00',9,0.10,48.50),(1,'2015-04-30 10:00:00',18,0.86,139.63),(1,'2015-04-30 11:00:00',0,0.72,24.59),(1,'2015-04-30 12:00:00',1,0.78,64.24),(1,'2015-04-30 13:00:00',19,0.82,121.73),(1,'2015-04-30 14:00:00',3,0.64,80.77),(1,'2015-04-30 15:00:00',6,0.23,61.51),(1,'2015-04-30 16:00:00',17,0.65,90.22),(1,'2015-04-30 17:00:00',16,0.60,58.91),(1,'2015-04-30 18:00:00',-5,0.87,56.82),(1,'2015-04-30 19:00:00',11,0.09,172.45),(1,'2015-04-30 20:00:00',0,0.81,111.12),(1,'2015-04-30 21:00:00',9,0.10,25.24),(1,'2015-04-30 22:00:00',16,0.05,103.32),(1,'2015-04-30 23:00:00',1,0.04,132.94),(1,'2015-05-01 00:00:00',-8,0.04,83.29),(1,'2015-05-01 01:00:00',19,0.92,77.40),(1,'2015-05-01 02:00:00',3,0.58,114.17),(1,'2015-05-01 03:00:00',-1,0.22,65.13),(1,'2015-05-01 04:00:00',15,0.72,59.06),(1,'2015-05-01 05:00:00',-10,0.35,149.22),(1,'2015-05-01 06:00:00',0,0.50,96.65),(1,'2015-05-01 07:00:00',-1,0.34,92.71),(1,'2015-05-01 08:00:00',16,0.73,186.79),(1,'2015-05-01 09:00:00',-10,0.63,124.64),(1,'2015-05-01 10:00:00',-4,0.64,113.89),(1,'2015-05-01 11:00:00',4,0.31,94.38),(1,'2015-05-01 12:00:00',-8,0.03,177.58),(1,'2015-05-01 13:00:00',14,0.70,171.75),(1,'2015-05-01 14:00:00',-4,0.20,61.64),(1,'2015-05-01 15:00:00',-4,0.34,71.81),(1,'2015-05-01 16:00:00',2,0.93,64.91),(1,'2015-05-01 17:00:00',-9,0.36,192.83),(1,'2015-05-01 18:00:00',7,0.38,73.67),(1,'2015-05-01 19:00:00',16,0.98,177.67),(1,'2015-05-01 20:00:00',0,0.18,175.96),(1,'2015-05-01 21:00:00',-8,0.97,177.68),(1,'2015-05-01 22:00:00',5,0.89,44.97),(1,'2015-05-01 23:00:00',-8,0.78,58.59),(1,'2015-05-02 00:00:00',12,0.84,56.57),(1,'2015-05-02 01:00:00',4,0.31,53.17),(1,'2015-05-02 02:00:00',9,0.15,69.17),(1,'2015-05-02 03:00:00',4,0.03,63.70),(1,'2015-05-02 04:00:00',15,0.04,185.95),(1,'2015-05-02 05:00:00',16,0.41,20.55),(1,'2015-05-02 06:00:00',-3,0.19,52.99),(1,'2015-05-02 07:00:00',13,0.90,156.29),(1,'2015-05-02 08:00:00',20,0.98,181.07),(1,'2015-05-02 09:00:00',-10,0.53,131.50),(1,'2015-05-02 10:00:00',-4,0.97,80.16),(1,'2015-05-02 11:00:00',-3,0.09,45.03),(1,'2015-05-02 12:00:00',10,0.02,24.26),(1,'2015-05-02 13:00:00',-7,0.69,59.52),(1,'2015-05-02 14:00:00',-4,0.50,151.39),(1,'2015-05-02 15:00:00',4,0.80,117.53),(1,'2015-05-02 16:00:00',-1,0.76,40.15),(1,'2015-05-02 17:00:00',1,0.72,65.49),(1,'2015-05-02 18:00:00',0,0.88,178.73),(1,'2015-05-02 19:00:00',10,0.49,176.40),(1,'2015-05-02 20:00:00',-6,0.95,109.00),(1,'2015-05-02 21:00:00',8,0.06,93.08),(1,'2015-05-02 22:00:00',-9,0.82,171.90),(1,'2015-05-02 23:00:00',7,0.21,105.85),(1,'2015-05-03 00:00:00',1,0.95,55.32),(1,'2015-05-03 01:00:00',11,0.21,146.59),(1,'2015-05-03 02:00:00',4,0.01,199.10),(1,'2015-05-03 03:00:00',2,0.93,50.24),(1,'2015-05-03 04:00:00',14,0.10,126.94),(1,'2015-05-03 05:00:00',16,0.86,180.98),(1,'2015-05-03 06:00:00',2,0.87,157.24),(1,'2015-05-03 07:00:00',5,0.72,98.53),(1,'2015-05-03 08:00:00',-3,0.98,185.31),(1,'2015-05-03 09:00:00',11,0.09,147.88),(1,'2015-05-03 10:00:00',18,0.51,119.00),(1,'2015-05-03 11:00:00',-8,0.80,74.14),(1,'2015-05-03 12:00:00',-10,0.70,132.74),(1,'2015-05-03 13:00:00',-4,0.91,133.05),(1,'2015-05-03 14:00:00',-2,0.86,115.78),(1,'2015-05-03 15:00:00',-4,0.96,95.07),(1,'2015-05-03 16:00:00',-5,0.25,140.75),(1,'2015-05-03 17:00:00',8,0.37,164.55),(1,'2015-05-03 18:00:00',6,0.56,70.64),(1,'2015-05-03 19:00:00',10,0.64,132.95),(1,'2015-05-03 20:00:00',-6,0.00,181.98),(1,'2015-05-03 21:00:00',13,0.05,165.60),(1,'2015-05-03 22:00:00',17,0.94,142.67),(1,'2015-05-03 23:00:00',-4,0.79,20.63),(1,'2015-05-04 00:00:00',14,0.64,79.06),(1,'2015-05-04 01:00:00',-7,0.38,47.37),(1,'2015-05-04 02:00:00',-6,0.73,129.75),(1,'2015-05-04 03:00:00',17,0.52,164.65),(1,'2015-05-04 04:00:00',-10,0.15,156.31),(1,'2015-05-04 05:00:00',12,0.46,142.89),(1,'2015-05-04 06:00:00',0,0.44,49.23),(1,'2015-05-04 07:00:00',19,0.54,194.19),(1,'2015-05-04 08:00:00',11,0.65,51.68),(1,'2015-05-04 09:00:00',7,0.17,54.21),(1,'2015-05-04 10:00:00',14,0.15,66.12),(1,'2015-05-04 11:00:00',14,0.05,91.87),(1,'2015-05-04 12:00:00',12,0.74,146.47),(1,'2015-05-04 13:00:00',-2,0.94,65.55),(1,'2015-05-04 14:00:00',17,0.80,57.97),(1,'2015-05-04 15:00:00',-2,0.35,150.27),(1,'2015-05-04 16:00:00',3,0.05,138.53),(1,'2015-05-04 17:00:00',13,0.19,195.50),(1,'2015-05-04 18:00:00',18,0.65,65.05),(1,'2015-05-04 19:00:00',-5,0.06,187.99),(1,'2015-05-04 20:00:00',15,0.63,138.87),(1,'2015-05-04 21:00:00',8,0.57,131.81),(1,'2015-05-04 22:00:00',10,0.91,40.85),(1,'2015-05-04 23:00:00',9,0.81,113.62),(1,'2015-05-05 00:00:00',20,0.87,131.23),(1,'2015-05-05 01:00:00',4,0.48,102.41),(1,'2015-05-05 02:00:00',-8,0.51,56.04),(1,'2015-05-05 03:00:00',16,0.80,63.78),(1,'2015-05-05 04:00:00',-5,0.04,46.47),(1,'2015-05-05 05:00:00',12,0.67,181.35),(1,'2015-05-05 06:00:00',-9,0.42,140.18),(1,'2015-05-05 07:00:00',17,0.96,199.85),(1,'2015-05-05 08:00:00',20,0.54,46.33),(1,'2015-05-05 09:00:00',-1,0.15,117.89),(1,'2015-05-05 10:00:00',2,0.99,162.04),(1,'2015-05-05 11:00:00',10,0.68,183.93),(1,'2015-05-05 12:00:00',10,0.03,108.91),(1,'2015-05-05 13:00:00',6,0.39,89.44),(1,'2015-05-05 14:00:00',18,0.74,42.97),(1,'2015-05-05 15:00:00',11,0.66,110.47),(1,'2015-05-05 16:00:00',11,0.38,178.23),(1,'2015-05-05 17:00:00',20,0.68,120.96),(1,'2015-05-05 18:00:00',4,0.42,135.71),(1,'2015-05-05 19:00:00',-1,0.65,140.85),(1,'2015-05-05 20:00:00',7,0.13,163.26),(1,'2015-05-05 21:00:00',19,0.06,147.40),(1,'2015-05-05 22:00:00',5,0.07,62.60),(1,'2015-05-05 23:00:00',6,0.22,179.81),(1,'2015-05-06 00:00:00',20,0.95,64.96),(1,'2015-05-06 01:00:00',-5,0.62,113.51),(1,'2015-05-06 02:00:00',-6,0.34,122.74),(1,'2015-05-06 03:00:00',20,0.42,101.46),(1,'2015-05-06 04:00:00',12,0.57,163.14),(1,'2015-05-06 05:00:00',13,0.52,171.94),(1,'2015-05-06 06:00:00',8,0.12,184.31),(1,'2015-05-06 07:00:00',9,0.38,129.32),(1,'2015-05-06 08:00:00',-9,0.40,169.11),(1,'2015-05-06 09:00:00',6,0.82,26.53),(1,'2015-05-06 10:00:00',-7,0.47,185.17),(1,'2015-05-06 11:00:00',8,0.91,52.76),(1,'2015-05-06 12:00:00',18,0.42,78.27),(1,'2015-05-06 13:00:00',20,0.25,116.04),(1,'2015-05-06 14:00:00',9,0.94,198.05),(1,'2015-05-06 15:00:00',7,0.32,131.97),(1,'2015-05-06 16:00:00',-6,0.28,73.88),(1,'2015-05-06 17:00:00',13,0.27,77.89),(1,'2015-05-06 18:00:00',16,0.52,107.62),(1,'2015-05-06 19:00:00',-1,0.27,122.17),(1,'2015-05-06 20:00:00',15,0.55,192.35),(1,'2015-05-06 21:00:00',10,0.14,54.56),(1,'2015-05-06 22:00:00',2,0.28,32.32),(1,'2015-05-06 23:00:00',14,0.44,77.17),(1,'2015-05-07 00:00:00',14,0.66,81.73),(1,'2015-05-07 01:00:00',-4,0.67,194.40),(1,'2015-05-07 02:00:00',-7,0.22,187.28),(1,'2015-05-07 03:00:00',-4,0.13,70.81),(1,'2015-05-07 04:00:00',17,0.76,118.59),(1,'2015-05-07 05:00:00',-8,0.62,198.03),(1,'2015-05-07 06:00:00',-9,0.50,142.58),(1,'2015-05-07 07:00:00',11,0.02,147.46),(1,'2015-05-07 08:00:00',11,0.21,29.53),(1,'2015-05-07 09:00:00',6,0.40,69.54),(1,'2015-05-07 10:00:00',8,0.90,63.21),(1,'2015-05-07 11:00:00',16,0.01,74.69),(1,'2015-05-07 12:00:00',7,0.33,144.72),(1,'2015-05-07 13:00:00',11,0.38,55.11),(1,'2015-05-07 14:00:00',19,0.70,138.09),(1,'2015-05-07 15:00:00',-3,0.02,123.08),(1,'2015-05-07 16:00:00',-8,0.72,193.94),(1,'2015-05-07 17:00:00',3,0.18,91.82),(1,'2015-05-07 18:00:00',-1,0.55,130.81),(1,'2015-05-07 19:00:00',7,0.68,94.24),(1,'2015-05-07 20:00:00',6,0.85,129.46),(1,'2015-05-07 21:00:00',-10,0.25,34.11),(1,'2015-05-07 22:00:00',18,0.56,159.86),(1,'2015-05-07 23:00:00',16,0.28,109.47),(1,'2015-05-08 00:00:00',14,0.21,169.95),(1,'2015-05-08 01:00:00',-3,0.82,189.58),(1,'2015-05-08 02:00:00',17,0.38,153.19),(1,'2015-05-08 03:00:00',-9,0.23,125.20),(1,'2015-05-08 04:00:00',-1,0.47,48.52),(1,'2015-05-08 05:00:00',10,0.42,158.67),(1,'2015-05-08 06:00:00',4,0.76,57.77),(1,'2015-05-08 07:00:00',-9,0.14,128.51),(1,'2015-05-08 08:00:00',17,0.59,90.15),(1,'2015-05-08 09:00:00',11,0.06,30.78),(1,'2015-05-08 10:00:00',-1,0.69,94.64),(1,'2015-05-08 11:00:00',10,0.37,64.36),(1,'2015-05-08 12:00:00',10,0.10,178.41),(1,'2015-05-08 13:00:00',-3,0.78,41.45),(1,'2015-05-08 14:00:00',-2,0.35,94.88),(1,'2015-05-08 15:00:00',-7,0.31,154.09),(1,'2015-05-08 16:00:00',8,0.26,101.23),(1,'2015-05-08 17:00:00',10,0.89,31.98),(1,'2015-05-08 18:00:00',11,0.21,144.81),(1,'2015-05-08 19:00:00',1,0.19,100.81),(1,'2015-05-08 20:00:00',10,0.15,51.56),(1,'2015-05-08 21:00:00',-3,0.00,190.17),(1,'2015-05-08 22:00:00',2,0.75,172.03),(1,'2015-05-08 23:00:00',3,0.75,128.54),(1,'2015-05-09 00:00:00',-3,0.81,99.43),(1,'2015-05-09 01:00:00',-5,0.09,58.61),(1,'2015-05-09 02:00:00',12,0.52,167.62),(1,'2015-05-09 03:00:00',18,0.88,191.61),(1,'2015-05-09 04:00:00',-7,0.56,56.86),(1,'2015-05-09 05:00:00',3,0.75,67.05),(1,'2015-05-09 06:00:00',1,0.57,137.17),(1,'2015-05-09 07:00:00',2,0.51,185.33),(1,'2015-05-09 08:00:00',2,0.93,50.42),(1,'2015-05-09 09:00:00',-1,0.22,99.91),(1,'2015-05-09 10:00:00',-9,0.41,193.00),(1,'2015-05-09 11:00:00',12,0.51,197.61),(1,'2015-05-09 12:00:00',8,0.61,24.98),(1,'2015-05-09 13:00:00',3,0.73,73.45),(1,'2015-05-09 14:00:00',-3,0.18,192.95),(1,'2015-05-09 15:00:00',6,0.77,109.84),(1,'2015-05-09 16:00:00',19,0.79,182.98),(1,'2015-05-09 17:00:00',-8,0.66,106.27),(1,'2015-05-09 18:00:00',5,0.58,36.57),(1,'2015-05-09 19:00:00',-7,0.52,159.82),(1,'2015-05-09 20:00:00',-7,0.71,28.09),(1,'2015-05-09 21:00:00',7,0.71,118.54),(1,'2015-05-09 22:00:00',-10,0.58,167.17),(1,'2015-05-09 23:00:00',3,0.11,108.55),(1,'2015-05-10 00:00:00',14,0.63,24.32),(1,'2015-05-10 01:00:00',-10,0.26,66.72),(1,'2015-05-10 02:00:00',20,0.31,49.14),(1,'2015-05-10 03:00:00',16,0.88,78.85),(1,'2015-05-10 04:00:00',-5,0.50,198.10),(1,'2015-05-10 05:00:00',19,0.97,73.05),(1,'2015-05-10 06:00:00',12,0.70,43.19),(1,'2015-05-10 07:00:00',15,0.39,123.46),(1,'2015-05-10 08:00:00',14,0.30,77.26),(1,'2015-05-10 09:00:00',-4,0.52,169.19),(1,'2015-05-10 10:00:00',-5,0.64,21.93),(1,'2015-05-10 11:00:00',-7,0.78,94.32),(1,'2015-05-10 12:00:00',19,0.72,189.17),(1,'2015-05-10 13:00:00',-3,0.70,140.12),(1,'2015-05-10 14:00:00',-1,0.73,70.60),(1,'2015-05-10 15:00:00',-5,0.12,72.11),(1,'2015-05-10 16:00:00',-2,0.35,77.65),(1,'2015-05-10 17:00:00',-4,0.40,97.70),(1,'2015-05-10 18:00:00',-8,0.74,76.54),(1,'2015-05-10 19:00:00',-8,0.15,189.66),(1,'2015-05-10 20:00:00',18,0.06,35.76),(1,'2015-05-10 21:00:00',15,0.75,72.68),(1,'2015-05-10 22:00:00',-8,0.08,21.99),(1,'2015-05-10 23:00:00',-9,0.46,195.99);
INSERT INTO users(id,username,password,email) VALUES (2,'happyUser','simplePass','hapiness@hapiness.com');
INSERT INTO households(id, address, postal_code) VALUES (2,'Eveywhere Avenue Inf','30130');
INSERT INTO user_household(user_id, household_id) VALUES (2,2);
INSERT INTO household_timeseries(household_id, pointintime, temperature, consumption, cost) VALUES(2,'2015-01-01 00:00:00',16,0.51,196.71),(2,'2015-01-01 01:00:00',17,0.92,140.54),(2,'2015-01-01 02:00:00',20,0.65,137.50),(2,'2015-01-01 03:00:00',-8,0.26,179.17),(2,'2015-01-01 04:00:00',8,0.18,125.66),(2,'2015-01-01 05:00:00',6,0.35,196.55),(2,'2015-01-01 06:00:00',10,0.58,28.58),(2,'2015-01-01 07:00:00',-5,0.86,56.94),(2,'2015-01-01 08:00:00',8,0.56,188.77),(2,'2015-01-01 09:00:00',-3,0.18,28.40),(2,'2015-01-01 10:00:00',5,0.42,107.32),(2,'2015-01-01 11:00:00',-5,0.15,135.44),(2,'2015-01-01 12:00:00',-10,0.50,144.56),(2,'2015-01-01 13:00:00',16,0.19,142.28),(2,'2015-01-01 14:00:00',20,0.52,43.63),(2,'2015-01-01 15:00:00',16,0.95,146.72),(2,'2015-01-01 16:00:00',-2,0.92,177.97),(2,'2015-01-01 17:00:00',-5,0.94,134.18),(2,'2015-01-01 18:00:00',-9,0.24,187.81),(2,'2015-01-01 19:00:00',16,0.39,128.11),(2,'2015-01-01 20:00:00',13,0.52,126.14),(2,'2015-01-01 21:00:00',7,0.07,132.32),(2,'2015-01-01 22:00:00',3,0.65,132.44),(2,'2015-01-01 23:00:00',4,0.51,139.85),(2,'2015-01-02 00:00:00',-4,0.09,150.45),(2,'2015-01-02 01:00:00',13,0.18,175.03),(2,'2015-01-02 02:00:00',7,0.46,79.02),(2,'2015-01-02 03:00:00',3,0.60,182.95),(2,'2015-01-02 04:00:00',14,0.66,82.57),(2,'2015-01-02 05:00:00',-9,0.10,104.26),(2,'2015-01-02 06:00:00',18,0.40,91.72),(2,'2015-01-02 07:00:00',-6,0.53,162.46),(2,'2015-01-02 08:00:00',3,0.48,42.28),(2,'2015-01-02 09:00:00',8,0.19,155.76),(2,'2015-01-02 10:00:00',1,0.75,62.55),(2,'2015-01-02 11:00:00',-4,0.36,135.37),(2,'2015-01-02 12:00:00',13,0.50,142.42),(2,'2015-01-02 13:00:00',-9,0.79,80.85),(2,'2015-01-02 14:00:00',9,0.77,34.93),(2,'2015-01-02 15:00:00',19,0.77,28.52),(2,'2015-01-02 16:00:00',9,0.06,112.50),(2,'2015-01-02 17:00:00',1,0.99,74.26),(2,'2015-01-02 18:00:00',17,0.98,76.92),(2,'2015-01-02 19:00:00',10,0.40,112.24),(2,'2015-01-02 20:00:00',0,0.44,31.92),(2,'2015-01-02 21:00:00',7,0.86,109.51),(2,'2015-01-02 22:00:00',2,0.33,158.47),(2,'2015-01-02 23:00:00',14,0.54,180.96),(2,'2015-01-03 00:00:00',19,0.74,131.96),(2,'2015-01-03 01:00:00',5,0.16,69.39),(2,'2015-01-03 02:00:00',9,0.65,23.91),(2,'2015-01-03 03:00:00',-10,0.98,36.55),(2,'2015-01-03 04:00:00',0,0.23,97.97),(2,'2015-01-03 05:00:00',6,0.22,34.69),(2,'2015-01-03 06:00:00',-7,0.82,123.29),(2,'2015-01-03 07:00:00',-4,0.63,92.26),(2,'2015-01-03 08:00:00',2,0.09,23.54),(2,'2015-01-03 09:00:00',-7,0.88,183.23),(2,'2015-01-03 10:00:00',-6,0.65,166.16),(2,'2015-01-03 11:00:00',9,1.00,55.20),(2,'2015-01-03 12:00:00',18,0.21,24.02),(2,'2015-01-03 13:00:00',13,0.04,72.50),(2,'2015-01-03 14:00:00',-4,0.84,47.75),(2,'2015-01-03 15:00:00',-1,0.48,63.22),(2,'2015-01-03 16:00:00',5,0.60,172.86),(2,'2015-01-03 17:00:00',8,0.28,52.39),(2,'2015-01-03 18:00:00',12,0.08,185.23),(2,'2015-01-03 19:00:00',16,0.17,123.38),(2,'2015-01-03 20:00:00',14,0.55,69.90),(2,'2015-01-03 21:00:00',15,0.54,79.27),(2,'2015-01-03 22:00:00',1,0.84,197.20),(2,'2015-01-03 23:00:00',17,0.04,94.74),(2,'2015-01-04 00:00:00',6,0.60,36.75),(2,'2015-01-04 01:00:00',20,0.96,51.86),(2,'2015-01-04 02:00:00',14,0.52,91.42),(2,'2015-01-04 03:00:00',17,0.60,79.46),(2,'2015-01-04 04:00:00',20,0.84,199.09),(2,'2015-01-04 05:00:00',20,0.77,113.41),(2,'2015-01-04 06:00:00',0,0.84,74.86),(2,'2015-01-04 07:00:00',-1,0.71,145.94),(2,'2015-01-04 08:00:00',-1,0.57,50.74),(2,'2015-01-04 09:00:00',3,0.63,52.10),(2,'2015-01-04 10:00:00',-3,0.95,190.98),(2,'2015-01-04 11:00:00',-4,0.77,46.10),(2,'2015-01-04 12:00:00',18,0.63,64.84),(2,'2015-01-04 13:00:00',2,0.43,165.08),(2,'2015-01-04 14:00:00',6,0.12,109.50),(2,'2015-01-04 15:00:00',4,0.19,174.53),(2,'2015-01-04 16:00:00',-9,0.89,88.61),(2,'2015-01-04 17:00:00',5,0.16,59.00),(2,'2015-01-04 18:00:00',14,0.52,39.31),(2,'2015-01-04 19:00:00',-9,0.28,61.39),(2,'2015-01-04 20:00:00',-1,0.37,31.33),(2,'2015-01-04 21:00:00',19,0.27,46.42),(2,'2015-01-04 22:00:00',10,0.77,150.85),(2,'2015-01-04 23:00:00',4,0.04,97.14),(2,'2015-01-05 00:00:00',13,0.90,78.69),(2,'2015-01-05 01:00:00',-5,0.65,176.62),(2,'2015-01-05 02:00:00',10,0.92,179.73),(2,'2015-01-05 03:00:00',5,0.84,20.17),(2,'2015-01-05 04:00:00',14,0.24,48.16),(2,'2015-01-05 05:00:00',-7,0.16,125.56),(2,'2015-01-05 06:00:00',-10,0.63,62.62),(2,'2015-01-05 07:00:00',5,0.37,118.37),(2,'2015-01-05 08:00:00',3,0.79,173.08),(2,'2015-01-05 09:00:00',1,0.28,193.24),(2,'2015-01-05 10:00:00',-8,0.84,190.39),(2,'2015-01-05 11:00:00',-9,0.62,130.28),(2,'2015-01-05 12:00:00',-10,0.59,109.71),(2,'2015-01-05 13:00:00',0,0.30,93.73),(2,'2015-01-05 14:00:00',20,0.17,187.06),(2,'2015-01-05 15:00:00',-5,0.96,123.75),(2,'2015-01-05 16:00:00',20,0.96,99.18),(2,'2015-01-05 17:00:00',2,0.47,73.05),(2,'2015-01-05 18:00:00',8,0.29,102.87),(2,'2015-01-05 19:00:00',2,0.38,33.20),(2,'2015-01-05 20:00:00',-1,0.30,77.68),(2,'2015-01-05 21:00:00',-4,0.53,58.53),(2,'2015-01-05 22:00:00',-1,0.50,193.42),(2,'2015-01-05 23:00:00',20,0.26,69.41),(2,'2015-01-06 00:00:00',17,0.87,79.70),(2,'2015-01-06 01:00:00',11,0.55,68.55),(2,'2015-01-06 02:00:00',4,0.48,44.39),(2,'2015-01-06 03:00:00',-6,0.42,106.70),(2,'2015-01-06 04:00:00',5,0.32,46.33),(2,'2015-01-06 05:00:00',16,0.86,113.48),(2,'2015-01-06 06:00:00',13,0.69,59.04),(2,'2015-01-06 07:00:00',8,0.17,181.04),(2,'2015-01-06 08:00:00',-4,0.76,193.96),(2,'2015-01-06 09:00:00',14,0.97,193.14),(2,'2015-01-06 10:00:00',11,0.67,74.15),(2,'2015-01-06 11:00:00',20,0.79,186.42),(2,'2015-01-06 12:00:00',12,0.22,64.15),(2,'2015-01-06 13:00:00',-10,0.98,42.75),(2,'2015-01-06 14:00:00',14,0.03,135.32),(2,'2015-01-06 15:00:00',4,0.81,161.51),(2,'2015-01-06 16:00:00',8,0.96,198.46),(2,'2015-01-06 17:00:00',16,0.86,73.43),(2,'2015-01-06 18:00:00',12,0.80,75.43),(2,'2015-01-06 19:00:00',-3,0.98,158.41),(2,'2015-01-06 20:00:00',-8,0.57,98.15),(2,'2015-01-06 21:00:00',-6,0.54,178.79),(2,'2015-01-06 22:00:00',-4,0.51,87.43),(2,'2015-01-06 23:00:00',2,0.34,164.19),(2,'2015-01-07 00:00:00',19,0.59,160.35),(2,'2015-01-07 01:00:00',-4,0.65,108.78),(2,'2015-01-07 02:00:00',14,0.10,117.14),(2,'2015-01-07 03:00:00',-9,0.93,135.18),(2,'2015-01-07 04:00:00',4,0.61,107.74),(2,'2015-01-07 05:00:00',-5,0.87,100.54),(2,'2015-01-07 06:00:00',18,0.12,104.48),(2,'2015-01-07 07:00:00',16,0.93,60.14),(2,'2015-01-07 08:00:00',3,0.37,115.51),(2,'2015-01-07 09:00:00',-9,0.49,74.61),(2,'2015-01-07 10:00:00',1,0.98,59.01),(2,'2015-01-07 11:00:00',19,0.84,157.45),(2,'2015-01-07 12:00:00',17,0.41,93.87),(2,'2015-01-07 13:00:00',-1,0.42,135.70),(2,'2015-01-07 14:00:00',12,0.62,128.14),(2,'2015-01-07 15:00:00',-9,0.14,199.90),(2,'2015-01-07 16:00:00',-1,0.62,115.90),(2,'2015-01-07 17:00:00',14,0.88,173.26),(2,'2015-01-07 18:00:00',-6,0.43,132.55),(2,'2015-01-07 19:00:00',17,0.59,127.68),(2,'2015-01-07 20:00:00',3,0.14,124.40),(2,'2015-01-07 21:00:00',-5,0.43,22.95),(2,'2015-01-07 22:00:00',-7,0.24,145.62),(2,'2015-01-07 23:00:00',7,0.19,45.59),(2,'2015-01-08 00:00:00',-6,0.08,93.59),(2,'2015-01-08 01:00:00',2,0.57,186.95),(2,'2015-01-08 02:00:00',13,0.45,41.93),(2,'2015-01-08 03:00:00',-1,0.94,84.56),(2,'2015-01-08 04:00:00',6,0.03,178.06),(2,'2015-01-08 05:00:00',7,0.45,171.57),(2,'2015-01-08 06:00:00',-7,0.63,52.77),(2,'2015-01-08 07:00:00',17,0.94,57.45),(2,'2015-01-08 08:00:00',20,0.51,45.69),(2,'2015-01-08 09:00:00',-3,0.18,84.76),(2,'2015-01-08 10:00:00',16,0.25,30.40),(2,'2015-01-08 11:00:00',-5,0.67,99.64),(2,'2015-01-08 12:00:00',19,0.27,164.06),(2,'2015-01-08 13:00:00',-6,0.41,171.43),(2,'2015-01-08 14:00:00',10,0.19,134.02),(2,'2015-01-08 15:00:00',-8,0.10,71.81),(2,'2015-01-08 16:00:00',9,0.22,169.13),(2,'2015-01-08 17:00:00',18,0.73,150.05),(2,'2015-01-08 18:00:00',-3,0.91,103.02),(2,'2015-01-08 19:00:00',19,0.16,33.06),(2,'2015-01-08 20:00:00',-5,0.95,145.49),(2,'2015-01-08 21:00:00',4,0.24,35.06),(2,'2015-01-08 22:00:00',-10,0.19,189.91),(2,'2015-01-08 23:00:00',18,0.97,83.11),(2,'2015-01-09 00:00:00',18,0.10,131.09),(2,'2015-01-09 01:00:00',0,0.25,55.04),(2,'2015-01-09 02:00:00',-7,0.77,127.66),(2,'2015-01-09 03:00:00',-7,0.80,171.21),(2,'2015-01-09 04:00:00',5,0.25,21.94),(2,'2015-01-09 05:00:00',-7,0.59,138.60),(2,'2015-01-09 06:00:00',18,0.86,154.84),(2,'2015-01-09 07:00:00',9,0.99,139.54),(2,'2015-01-09 08:00:00',9,0.23,48.41),(2,'2015-01-09 09:00:00',-6,0.70,95.94),(2,'2015-01-09 10:00:00',12,0.31,129.08),(2,'2015-01-09 11:00:00',13,0.18,20.78),(2,'2015-01-09 12:00:00',5,0.80,133.80),(2,'2015-01-09 13:00:00',-8,0.86,45.07),(2,'2015-01-09 14:00:00',0,0.87,99.49),(2,'2015-01-09 15:00:00',10,0.02,117.84),(2,'2015-01-09 16:00:00',-4,0.79,43.81),(2,'2015-01-09 17:00:00',-7,0.77,74.83),(2,'2015-01-09 18:00:00',10,0.16,126.95),(2,'2015-01-09 19:00:00',-8,0.69,170.26),(2,'2015-01-09 20:00:00',4,0.47,192.98),(2,'2015-01-09 21:00:00',16,0.07,77.74),(2,'2015-01-09 22:00:00',-2,0.34,83.64),(2,'2015-01-09 23:00:00',5,0.37,197.27),(2,'2015-01-10 00:00:00',0,0.02,113.43),(2,'2015-01-10 01:00:00',0,0.54,95.94),(2,'2015-01-10 02:00:00',-1,0.04,45.27),(2,'2015-01-10 03:00:00',14,0.39,186.38),(2,'2015-01-10 04:00:00',13,0.14,100.34),(2,'2015-01-10 05:00:00',13,0.65,63.31),(2,'2015-01-10 06:00:00',18,0.37,173.17),(2,'2015-01-10 07:00:00',14,0.31,72.76),(2,'2015-01-10 08:00:00',12,0.72,126.38),(2,'2015-01-10 09:00:00',2,0.15,137.78),(2,'2015-01-10 10:00:00',18,0.50,55.35),(2,'2015-01-10 11:00:00',7,0.26,196.78),(2,'2015-01-10 12:00:00',-2,0.87,179.86),(2,'2015-01-10 13:00:00',8,0.15,32.75),(2,'2015-01-10 14:00:00',0,0.17,24.20),(2,'2015-01-10 15:00:00',20,0.82,101.58),(2,'2015-01-10 16:00:00',0,0.11,39.42),(2,'2015-01-10 17:00:00',-3,0.63,77.29),(2,'2015-01-10 18:00:00',15,0.45,131.90),(2,'2015-01-10 19:00:00',8,0.51,50.34),(2,'2015-01-10 20:00:00',4,0.53,197.53),(2,'2015-01-10 21:00:00',13,0.82,146.49),(2,'2015-01-10 22:00:00',1,0.50,49.61),(2,'2015-01-10 23:00:00',-6,0.51,146.37),(2,'2015-01-11 00:00:00',13,0.55,84.17),(2,'2015-01-11 01:00:00',19,0.96,172.18),(2,'2015-01-11 02:00:00',0,0.26,159.35),(2,'2015-01-11 03:00:00',-1,0.85,23.79),(2,'2015-01-11 04:00:00',8,0.11,58.23),(2,'2015-01-11 05:00:00',3,0.73,64.89),(2,'2015-01-11 06:00:00',17,0.98,109.68),(2,'2015-01-11 07:00:00',9,0.42,84.63),(2,'2015-01-11 08:00:00',3,0.36,145.80),(2,'2015-01-11 09:00:00',-10,0.52,24.29),(2,'2015-01-11 10:00:00',18,0.69,83.69),(2,'2015-01-11 11:00:00',-3,0.88,117.79),(2,'2015-01-11 12:00:00',10,0.80,135.34),(2,'2015-01-11 13:00:00',16,0.56,165.43),(2,'2015-01-11 14:00:00',-7,0.78,184.85),(2,'2015-01-11 15:00:00',-6,0.93,68.66),(2,'2015-01-11 16:00:00',13,0.83,40.54),(2,'2015-01-11 17:00:00',17,0.88,149.24),(2,'2015-01-11 18:00:00',8,0.28,33.63),(2,'2015-01-11 19:00:00',3,0.77,61.59),(2,'2015-01-11 20:00:00',10,0.90,82.22),(2,'2015-01-11 21:00:00',-4,0.09,85.49),(2,'2015-01-11 22:00:00',-8,0.22,164.96),(2,'2015-01-11 23:00:00',16,0.42,137.18),(2,'2015-01-12 00:00:00',20,0.54,54.82),(2,'2015-01-12 01:00:00',20,0.88,74.41),(2,'2015-01-12 02:00:00',-5,0.67,174.30),(2,'2015-01-12 03:00:00',17,0.70,67.07),(2,'2015-01-12 04:00:00',6,0.47,54.44),(2,'2015-01-12 05:00:00',16,0.62,21.56),(2,'2015-01-12 06:00:00',11,0.99,176.26),(2,'2015-01-12 07:00:00',8,0.28,188.55),(2,'2015-01-12 08:00:00',10,0.28,98.15),(2,'2015-01-12 09:00:00',6,0.65,55.84),(2,'2015-01-12 10:00:00',3,0.70,40.19),(2,'2015-01-12 11:00:00',-9,0.59,95.84),(2,'2015-01-12 12:00:00',2,0.08,27.93),(2,'2015-01-12 13:00:00',-3,0.17,137.06),(2,'2015-01-12 14:00:00',-8,0.33,127.67),(2,'2015-01-12 15:00:00',6,0.08,80.08),(2,'2015-01-12 16:00:00',19,0.91,190.02),(2,'2015-01-12 17:00:00',7,0.23,124.03),(2,'2015-01-12 18:00:00',12,0.05,118.31),(2,'2015-01-12 19:00:00',-4,0.08,141.83),(2,'2015-01-12 20:00:00',14,0.91,161.96),(2,'2015-01-12 21:00:00',-7,0.04,168.23),(2,'2015-01-12 22:00:00',16,0.24,73.69),(2,'2015-01-12 23:00:00',18,0.62,48.43),(2,'2015-01-13 00:00:00',4,0.42,116.22),(2,'2015-01-13 01:00:00',12,0.98,119.58),(2,'2015-01-13 02:00:00',1,0.45,26.26),(2,'2015-01-13 03:00:00',18,0.17,188.00),(2,'2015-01-13 04:00:00',-1,0.99,166.51),(2,'2015-01-13 05:00:00',2,0.34,95.91),(2,'2015-01-13 06:00:00',12,0.00,75.48),(2,'2015-01-13 07:00:00',-8,0.50,145.73),(2,'2015-01-13 08:00:00',11,0.50,72.55),(2,'2015-01-13 09:00:00',-4,0.49,87.97),(2,'2015-01-13 10:00:00',4,0.01,66.09),(2,'2015-01-13 11:00:00',-5,0.95,153.20),(2,'2015-01-13 12:00:00',9,0.12,135.40),(2,'2015-01-13 13:00:00',-9,0.04,181.24),(2,'2015-01-13 14:00:00',19,0.99,110.61),(2,'2015-01-13 15:00:00',-3,0.14,45.84),(2,'2015-01-13 16:00:00',-9,0.64,102.12),(2,'2015-01-13 17:00:00',11,0.70,95.52),(2,'2015-01-13 18:00:00',13,0.75,56.43),(2,'2015-01-13 19:00:00',10,0.40,113.09),(2,'2015-01-13 20:00:00',16,0.65,26.30),(2,'2015-01-13 21:00:00',-4,0.00,143.31),(2,'2015-01-13 22:00:00',-4,0.95,75.62),(2,'2015-01-13 23:00:00',17,0.72,189.31),(2,'2015-01-14 00:00:00',-2,0.34,100.79),(2,'2015-01-14 01:00:00',0,0.15,138.34),(2,'2015-01-14 02:00:00',2,0.08,124.86),(2,'2015-01-14 03:00:00',-5,0.90,104.03),(2,'2015-01-14 04:00:00',14,0.08,101.50),(2,'2015-01-14 05:00:00',-2,0.64,163.33),(2,'2015-01-14 06:00:00',18,0.07,83.02),(2,'2015-01-14 07:00:00',0,0.07,108.95),(2,'2015-01-14 08:00:00',1,0.60,139.67),(2,'2015-01-14 09:00:00',15,0.10,50.22),(2,'2015-01-14 10:00:00',19,0.55,88.20),(2,'2015-01-14 11:00:00',-3,0.93,157.08),(2,'2015-01-14 12:00:00',18,0.06,39.95),(2,'2015-01-14 13:00:00',8,0.06,71.68),(2,'2015-01-14 14:00:00',17,0.27,58.32),(2,'2015-01-14 15:00:00',15,0.88,56.07),(2,'2015-01-14 16:00:00',10,0.35,74.06),(2,'2015-01-14 17:00:00',3,0.76,109.64),(2,'2015-01-14 18:00:00',10,0.54,141.80),(2,'2015-01-14 19:00:00',1,0.97,102.00),(2,'2015-01-14 20:00:00',10,0.72,105.70),(2,'2015-01-14 21:00:00',7,0.78,160.72),(2,'2015-01-14 22:00:00',11,0.54,49.14),(2,'2015-01-14 23:00:00',-3,0.98,178.53),(2,'2015-01-15 00:00:00',5,0.92,72.36),(2,'2015-01-15 01:00:00',-9,0.19,44.28),(2,'2015-01-15 02:00:00',0,0.76,175.16),(2,'2015-01-15 03:00:00',11,0.59,51.85),(2,'2015-01-15 04:00:00',-1,0.36,61.30),(2,'2015-01-15 05:00:00',13,0.15,173.94),(2,'2015-01-15 06:00:00',-7,0.16,189.20),(2,'2015-01-15 07:00:00',13,0.25,71.54),(2,'2015-01-15 08:00:00',4,0.93,21.68),(2,'2015-01-15 09:00:00',-2,0.99,136.44),(2,'2015-01-15 10:00:00',3,0.89,139.25),(2,'2015-01-15 11:00:00',4,0.89,151.99),(2,'2015-01-15 12:00:00',6,0.38,94.42),(2,'2015-01-15 13:00:00',3,0.68,75.12),(2,'2015-01-15 14:00:00',-10,0.91,156.93),(2,'2015-01-15 15:00:00',-9,0.59,153.69),(2,'2015-01-15 16:00:00',6,0.38,156.86),(2,'2015-01-15 17:00:00',-8,0.51,62.10),(2,'2015-01-15 18:00:00',10,0.10,133.32),(2,'2015-01-15 19:00:00',-8,0.91,106.57),(2,'2015-01-15 20:00:00',6,0.55,46.87),(2,'2015-01-15 21:00:00',18,0.22,110.54),(2,'2015-01-15 22:00:00',1,0.86,30.88),(2,'2015-01-15 23:00:00',9,0.10,77.57),(2,'2015-01-16 00:00:00',-5,0.61,154.20),(2,'2015-01-16 01:00:00',-7,0.76,179.60),(2,'2015-01-16 02:00:00',15,0.84,196.57),(2,'2015-01-16 03:00:00',-3,0.24,198.17),(2,'2015-01-16 04:00:00',16,0.56,95.58),(2,'2015-01-16 05:00:00',11,0.43,97.59),(2,'2015-01-16 06:00:00',12,0.13,70.66),(2,'2015-01-16 07:00:00',-7,0.71,126.64),(2,'2015-01-16 08:00:00',12,0.97,46.00),(2,'2015-01-16 09:00:00',20,0.48,105.29),(2,'2015-01-16 10:00:00',5,0.60,72.38),(2,'2015-01-16 11:00:00',-6,0.81,36.99),(2,'2015-01-16 12:00:00',-4,0.20,197.39),(2,'2015-01-16 13:00:00',8,0.78,158.06),(2,'2015-01-16 14:00:00',-4,0.14,98.03),(2,'2015-01-16 15:00:00',10,0.92,68.98),(2,'2015-01-16 16:00:00',-3,0.38,102.44),(2,'2015-01-16 17:00:00',-8,0.02,89.37),(2,'2015-01-16 18:00:00',20,0.44,163.54),(2,'2015-01-16 19:00:00',6,0.15,161.63),(2,'2015-01-16 20:00:00',4,0.35,87.88),(2,'2015-01-16 21:00:00',-3,0.61,199.38),(2,'2015-01-16 22:00:00',-2,0.98,175.24),(2,'2015-01-16 23:00:00',4,0.67,84.95),(2,'2015-01-17 00:00:00',-9,0.87,101.19),(2,'2015-01-17 01:00:00',8,0.77,181.69),(2,'2015-01-17 02:00:00',15,0.64,70.16),(2,'2015-01-17 03:00:00',-3,0.12,77.64),(2,'2015-01-17 04:00:00',1,0.58,86.85),(2,'2015-01-17 05:00:00',2,0.69,148.64),(2,'2015-01-17 06:00:00',0,0.36,68.48),(2,'2015-01-17 07:00:00',9,0.75,95.58),(2,'2015-01-17 08:00:00',19,0.62,122.49),(2,'2015-01-17 09:00:00',16,0.74,96.37),(2,'2015-01-17 10:00:00',19,0.68,131.98),(2,'2015-01-17 11:00:00',-8,0.17,72.95),(2,'2015-01-17 12:00:00',2,0.71,105.77),(2,'2015-01-17 13:00:00',11,0.56,144.37),(2,'2015-01-17 14:00:00',-4,0.15,97.67),(2,'2015-01-17 15:00:00',20,0.25,154.90),(2,'2015-01-17 16:00:00',6,0.98,71.58),(2,'2015-01-17 17:00:00',-9,0.97,97.67),(2,'2015-01-17 18:00:00',5,0.38,39.99),(2,'2015-01-17 19:00:00',7,1.00,109.37),(2,'2015-01-17 20:00:00',-1,0.61,185.16),(2,'2015-01-17 21:00:00',15,0.04,186.31),(2,'2015-01-17 22:00:00',20,0.85,175.70),(2,'2015-01-17 23:00:00',9,0.04,112.95),(2,'2015-01-18 00:00:00',-3,0.57,55.33),(2,'2015-01-18 01:00:00',20,0.68,127.47),(2,'2015-01-18 02:00:00',1,0.53,95.72),(2,'2015-01-18 03:00:00',-3,0.33,118.85),(2,'2015-01-18 04:00:00',-7,0.21,148.55),(2,'2015-01-18 05:00:00',-8,0.37,78.88),(2,'2015-01-18 06:00:00',16,0.02,108.51),(2,'2015-01-18 07:00:00',-6,0.34,80.11),(2,'2015-01-18 08:00:00',10,0.04,165.91),(2,'2015-01-18 09:00:00',6,0.64,30.22),(2,'2015-01-18 10:00:00',17,0.21,52.34),(2,'2015-01-18 11:00:00',3,0.14,87.75),(2,'2015-01-18 12:00:00',19,0.20,100.65),(2,'2015-01-18 13:00:00',-5,0.15,44.77),(2,'2015-01-18 14:00:00',12,0.01,113.79),(2,'2015-01-18 15:00:00',8,0.00,121.82),(2,'2015-01-18 16:00:00',14,0.35,165.15),(2,'2015-01-18 17:00:00',-6,0.81,179.17),(2,'2015-01-18 18:00:00',19,0.20,67.74),(2,'2015-01-18 19:00:00',0,0.43,24.59),(2,'2015-01-18 20:00:00',1,0.85,169.70),(2,'2015-01-18 21:00:00',5,0.95,73.35),(2,'2015-01-18 22:00:00',19,0.99,53.65),(2,'2015-01-18 23:00:00',-5,0.06,116.56),(2,'2015-01-19 00:00:00',-2,0.57,26.29),(2,'2015-01-19 01:00:00',-4,0.46,119.74),(2,'2015-01-19 02:00:00',7,0.45,175.50),(2,'2015-01-19 03:00:00',2,0.05,184.65),(2,'2015-01-19 04:00:00',8,0.21,78.26),(2,'2015-01-19 05:00:00',16,0.47,62.05),(2,'2015-01-19 06:00:00',-8,0.88,125.82),(2,'2015-01-19 07:00:00',3,0.55,54.01),(2,'2015-01-19 08:00:00',3,0.40,26.93),(2,'2015-01-19 09:00:00',0,0.11,82.27),(2,'2015-01-19 10:00:00',-8,0.21,35.41),(2,'2015-01-19 11:00:00',3,0.58,164.64),(2,'2015-01-19 12:00:00',4,0.02,82.81),(2,'2015-01-19 13:00:00',-5,0.99,40.69),(2,'2015-01-19 14:00:00',20,0.46,30.44),(2,'2015-01-19 15:00:00',2,0.34,72.81),(2,'2015-01-19 16:00:00',4,0.54,148.00),(2,'2015-01-19 17:00:00',4,0.79,129.90),(2,'2015-01-19 18:00:00',8,0.81,112.72),(2,'2015-01-19 19:00:00',6,0.01,106.06),(2,'2015-01-19 20:00:00',-8,0.52,137.42),(2,'2015-01-19 21:00:00',18,0.05,190.77),(2,'2015-01-19 22:00:00',13,0.11,161.52),(2,'2015-01-19 23:00:00',-4,0.80,35.66),(2,'2015-01-20 00:00:00',-5,0.57,147.22),(2,'2015-01-20 01:00:00',15,0.57,105.96),(2,'2015-01-20 02:00:00',10,0.97,108.74),(2,'2015-01-20 03:00:00',-6,0.28,128.82),(2,'2015-01-20 04:00:00',8,0.90,70.87),(2,'2015-01-20 05:00:00',18,0.97,129.21),(2,'2015-01-20 06:00:00',-2,0.99,142.15),(2,'2015-01-20 07:00:00',10,0.90,150.66),(2,'2015-01-20 08:00:00',-10,0.36,68.69),(2,'2015-01-20 09:00:00',-7,0.61,99.05),(2,'2015-01-20 10:00:00',-3,0.61,131.44),(2,'2015-01-20 11:00:00',17,0.78,185.84),(2,'2015-01-20 12:00:00',16,0.70,157.27),(2,'2015-01-20 13:00:00',-6,0.80,59.11),(2,'2015-01-20 14:00:00',-7,0.91,106.21),(2,'2015-01-20 15:00:00',3,0.39,156.60),(2,'2015-01-20 16:00:00',-6,0.27,27.85),(2,'2015-01-20 17:00:00',16,0.50,124.45),(2,'2015-01-20 18:00:00',19,0.16,127.16),(2,'2015-01-20 19:00:00',5,0.63,89.35),(2,'2015-01-20 20:00:00',-4,0.12,112.95),(2,'2015-01-20 21:00:00',1,0.68,142.41),(2,'2015-01-20 22:00:00',9,0.85,151.64),(2,'2015-01-20 23:00:00',14,0.98,66.53),(2,'2015-01-21 00:00:00',-8,0.64,102.71),(2,'2015-01-21 01:00:00',5,0.30,52.35),(2,'2015-01-21 02:00:00',-7,0.56,66.27),(2,'2015-01-21 03:00:00',15,0.27,133.15),(2,'2015-01-21 04:00:00',11,0.61,107.56),(2,'2015-01-21 05:00:00',19,0.65,124.55),(2,'2015-01-21 06:00:00',8,0.11,44.41),(2,'2015-01-21 07:00:00',5,0.95,145.71),(2,'2015-01-21 08:00:00',11,0.31,101.14),(2,'2015-01-21 09:00:00',5,0.82,115.47),(2,'2015-01-21 10:00:00',14,0.87,90.02),(2,'2015-01-21 11:00:00',-3,0.62,126.94),(2,'2015-01-21 12:00:00',7,0.92,32.43),(2,'2015-01-21 13:00:00',-8,0.39,132.52),(2,'2015-01-21 14:00:00',-2,0.08,98.03),(2,'2015-01-21 15:00:00',-8,0.90,152.25),(2,'2015-01-21 16:00:00',2,0.93,90.51),(2,'2015-01-21 17:00:00',1,0.16,90.72),(2,'2015-01-21 18:00:00',20,0.41,51.78),(2,'2015-01-21 19:00:00',1,0.49,110.72),(2,'2015-01-21 20:00:00',5,0.66,65.46),(2,'2015-01-21 21:00:00',16,0.53,88.53),(2,'2015-01-21 22:00:00',13,0.69,150.43),(2,'2015-01-21 23:00:00',12,0.16,197.95),(2,'2015-01-22 00:00:00',-8,0.24,114.99),(2,'2015-01-22 01:00:00',5,0.68,122.57),(2,'2015-01-22 02:00:00',5,0.03,179.65),(2,'2015-01-22 03:00:00',9,0.49,136.51),(2,'2015-01-22 04:00:00',-6,0.96,186.36),(2,'2015-01-22 05:00:00',-8,0.96,118.70),(2,'2015-01-22 06:00:00',-10,0.20,185.22),(2,'2015-01-22 07:00:00',4,0.20,168.18),(2,'2015-01-22 08:00:00',-4,0.05,167.46),(2,'2015-01-22 09:00:00',19,0.52,22.64),(2,'2015-01-22 10:00:00',15,0.42,49.17),(2,'2015-01-22 11:00:00',-1,0.58,48.93),(2,'2015-01-22 12:00:00',-5,0.08,71.38),(2,'2015-01-22 13:00:00',12,0.93,196.23),(2,'2015-01-22 14:00:00',-6,0.08,126.06),(2,'2015-01-22 15:00:00',-7,0.85,146.27),(2,'2015-01-22 16:00:00',1,0.46,53.61),(2,'2015-01-22 17:00:00',-1,0.37,34.22),(2,'2015-01-22 18:00:00',19,0.07,181.36),(2,'2015-01-22 19:00:00',11,0.05,123.86),(2,'2015-01-22 20:00:00',19,0.20,43.99),(2,'2015-01-22 21:00:00',12,0.85,167.27),(2,'2015-01-22 22:00:00',-3,0.80,161.60),(2,'2015-01-22 23:00:00',13,0.58,66.40),(2,'2015-01-23 00:00:00',2,0.51,81.19),(2,'2015-01-23 01:00:00',3,0.92,21.74),(2,'2015-01-23 02:00:00',-2,0.55,56.88),(2,'2015-01-23 03:00:00',14,0.71,126.72),(2,'2015-01-23 04:00:00',-9,0.46,140.37),(2,'2015-01-23 05:00:00',7,0.65,176.17),(2,'2015-01-23 06:00:00',-1,0.70,69.27),(2,'2015-01-23 07:00:00',10,0.60,188.16),(2,'2015-01-23 08:00:00',12,0.39,180.89),(2,'2015-01-23 09:00:00',12,0.07,152.30),(2,'2015-01-23 10:00:00',0,0.65,147.01),(2,'2015-01-23 11:00:00',19,0.55,95.51),(2,'2015-01-23 12:00:00',3,0.27,140.15),(2,'2015-01-23 13:00:00',10,0.76,137.71),(2,'2015-01-23 14:00:00',17,0.85,150.09),(2,'2015-01-23 15:00:00',1,0.14,151.42),(2,'2015-01-23 16:00:00',-7,0.79,45.18),(2,'2015-01-23 17:00:00',7,0.26,137.01),(2,'2015-01-23 18:00:00',9,0.98,100.84),(2,'2015-01-23 19:00:00',9,0.20,133.65),(2,'2015-01-23 20:00:00',16,0.05,20.71),(2,'2015-01-23 21:00:00',-1,0.24,44.73),(2,'2015-01-23 22:00:00',17,0.11,129.63),(2,'2015-01-23 23:00:00',0,0.49,55.95),(2,'2015-01-24 00:00:00',-1,0.77,171.77),(2,'2015-01-24 01:00:00',16,0.92,188.50),(2,'2015-01-24 02:00:00',1,0.47,116.66),(2,'2015-01-24 03:00:00',5,0.81,36.03),(2,'2015-01-24 04:00:00',-6,0.17,56.00),(2,'2015-01-24 05:00:00',7,0.50,103.40),(2,'2015-01-24 06:00:00',-3,0.89,37.97),(2,'2015-01-24 07:00:00',19,0.01,22.86),(2,'2015-01-24 08:00:00',-4,0.90,95.63),(2,'2015-01-24 09:00:00',-2,0.96,120.54),(2,'2015-01-24 10:00:00',-8,0.37,70.19),(2,'2015-01-24 11:00:00',-5,0.44,161.19),(2,'2015-01-24 12:00:00',-6,0.02,45.72),(2,'2015-01-24 13:00:00',-4,0.39,199.95),(2,'2015-01-24 14:00:00',2,0.40,24.05),(2,'2015-01-24 15:00:00',1,0.52,159.36),(2,'2015-01-24 16:00:00',9,0.50,128.02),(2,'2015-01-24 17:00:00',8,0.86,69.00),(2,'2015-01-24 18:00:00',8,0.92,82.72),(2,'2015-01-24 19:00:00',1,0.19,190.87),(2,'2015-01-24 20:00:00',12,0.03,184.34),(2,'2015-01-24 21:00:00',9,0.65,73.67),(2,'2015-01-24 22:00:00',16,0.88,41.49),(2,'2015-01-24 23:00:00',6,0.25,70.93),(2,'2015-01-25 00:00:00',2,0.10,172.19),(2,'2015-01-25 01:00:00',6,0.09,73.58),(2,'2015-01-25 02:00:00',15,0.74,123.22),(2,'2015-01-25 03:00:00',12,0.85,147.92),(2,'2015-01-25 04:00:00',2,0.94,70.63),(2,'2015-01-25 05:00:00',13,0.43,183.59),(2,'2015-01-25 06:00:00',8,0.64,88.14),(2,'2015-01-25 07:00:00',-4,0.18,168.86),(2,'2015-01-25 08:00:00',-10,0.97,51.72),(2,'2015-01-25 09:00:00',3,0.60,191.56),(2,'2015-01-25 10:00:00',-10,0.45,199.95),(2,'2015-01-25 11:00:00',20,0.40,101.88),(2,'2015-01-25 12:00:00',11,0.33,111.12),(2,'2015-01-25 13:00:00',-9,0.03,184.77),(2,'2015-01-25 14:00:00',4,0.19,73.90),(2,'2015-01-25 15:00:00',20,0.88,108.74),(2,'2015-01-25 16:00:00',18,0.62,106.07),(2,'2015-01-25 17:00:00',17,0.52,53.08),(2,'2015-01-25 18:00:00',1,0.76,43.99),(2,'2015-01-25 19:00:00',-3,0.08,67.75),(2,'2015-01-25 20:00:00',-5,0.90,50.58),(2,'2015-01-25 21:00:00',18,0.71,107.53),(2,'2015-01-25 22:00:00',19,0.94,89.13),(2,'2015-01-25 23:00:00',17,0.11,29.92),(2,'2015-01-26 00:00:00',-5,0.61,197.31),(2,'2015-01-26 01:00:00',3,0.50,155.46),(2,'2015-01-26 02:00:00',7,0.82,197.55),(2,'2015-01-26 03:00:00',11,0.99,92.04),(2,'2015-01-26 04:00:00',5,0.63,179.04),(2,'2015-01-26 05:00:00',19,0.98,180.78),(2,'2015-01-26 06:00:00',-6,0.79,53.14),(2,'2015-01-26 07:00:00',4,0.84,42.31),(2,'2015-01-26 08:00:00',4,0.92,62.00),(2,'2015-01-26 09:00:00',6,0.96,64.66),(2,'2015-01-26 10:00:00',0,0.90,24.57),(2,'2015-01-26 11:00:00',15,0.17,86.51),(2,'2015-01-26 12:00:00',13,0.25,198.44),(2,'2015-01-26 13:00:00',5,0.38,112.34),(2,'2015-01-26 14:00:00',19,0.48,57.47),(2,'2015-01-26 15:00:00',4,0.22,178.07),(2,'2015-01-26 16:00:00',15,0.36,54.14),(2,'2015-01-26 17:00:00',-8,0.44,71.75),(2,'2015-01-26 18:00:00',20,0.85,175.86),(2,'2015-01-26 19:00:00',7,0.69,42.34),(2,'2015-01-26 20:00:00',-3,0.55,135.66),(2,'2015-01-26 21:00:00',6,0.29,64.41),(2,'2015-01-26 22:00:00',7,0.65,194.88),(2,'2015-01-26 23:00:00',-3,0.58,174.27),(2,'2015-01-27 00:00:00',17,0.99,169.09),(2,'2015-01-27 01:00:00',0,0.80,49.52),(2,'2015-01-27 02:00:00',20,0.63,114.55),(2,'2015-01-27 03:00:00',-10,0.84,126.16),(2,'2015-01-27 04:00:00',-3,0.03,25.98),(2,'2015-01-27 05:00:00',-3,0.18,168.73),(2,'2015-01-27 06:00:00',9,0.87,113.76),(2,'2015-01-27 07:00:00',-10,0.68,123.45),(2,'2015-01-27 08:00:00',-7,0.96,157.84),(2,'2015-01-27 09:00:00',9,0.87,102.89),(2,'2015-01-27 10:00:00',3,0.11,43.26),(2,'2015-01-27 11:00:00',3,0.03,32.55),(2,'2015-01-27 12:00:00',1,0.74,188.36),(2,'2015-01-27 13:00:00',19,0.43,94.79),(2,'2015-01-27 14:00:00',3,0.71,66.46),(2,'2015-01-27 15:00:00',-4,0.99,192.29),(2,'2015-01-27 16:00:00',-1,0.94,30.80),(2,'2015-01-27 17:00:00',11,0.86,188.18),(2,'2015-01-27 18:00:00',7,0.87,145.71),(2,'2015-01-27 19:00:00',4,0.46,129.20),(2,'2015-01-27 20:00:00',-8,0.04,26.99),(2,'2015-01-27 21:00:00',12,0.98,160.50),(2,'2015-01-27 22:00:00',14,0.10,138.26),(2,'2015-01-27 23:00:00',20,0.59,88.91),(2,'2015-01-28 00:00:00',11,0.93,70.36),(2,'2015-01-28 01:00:00',3,0.70,31.48),(2,'2015-01-28 02:00:00',16,0.66,174.86),(2,'2015-01-28 03:00:00',12,0.75,36.82),(2,'2015-01-28 04:00:00',0,0.75,120.31),(2,'2015-01-28 05:00:00',18,0.73,80.00),(2,'2015-01-28 06:00:00',-5,0.95,160.33),(2,'2015-01-28 07:00:00',10,0.32,187.03),(2,'2015-01-28 08:00:00',0,0.93,21.53),(2,'2015-01-28 09:00:00',15,0.66,81.80),(2,'2015-01-28 10:00:00',-6,0.26,33.05),(2,'2015-01-28 11:00:00',-6,0.92,46.86),(2,'2015-01-28 12:00:00',-5,0.24,37.73),(2,'2015-01-28 13:00:00',1,0.06,167.72),(2,'2015-01-28 14:00:00',9,0.08,75.75),(2,'2015-01-28 15:00:00',-5,0.45,94.83),(2,'2015-01-28 16:00:00',-1,0.40,20.55),(2,'2015-01-28 17:00:00',3,0.48,139.11),(2,'2015-01-28 18:00:00',1,0.32,189.54),(2,'2015-01-28 19:00:00',11,0.41,102.28),(2,'2015-01-28 20:00:00',-1,0.06,72.06),(2,'2015-01-28 21:00:00',7,0.57,106.51),(2,'2015-01-28 22:00:00',0,0.13,123.06),(2,'2015-01-28 23:00:00',-5,0.67,165.60),(2,'2015-01-29 00:00:00',6,0.27,150.32),(2,'2015-01-29 01:00:00',0,0.08,51.18),(2,'2015-01-29 02:00:00',3,0.48,55.16),(2,'2015-01-29 03:00:00',6,0.25,34.02),(2,'2015-01-29 04:00:00',11,0.29,62.48),(2,'2015-01-29 05:00:00',9,0.99,191.73),(2,'2015-01-29 06:00:00',1,0.26,144.28),(2,'2015-01-29 07:00:00',19,0.43,40.35),(2,'2015-01-29 08:00:00',9,0.98,129.16),(2,'2015-01-29 09:00:00',8,0.86,154.84),(2,'2015-01-29 10:00:00',-8,0.41,186.10),(2,'2015-01-29 11:00:00',9,0.73,105.24),(2,'2015-01-29 12:00:00',15,0.83,121.85),(2,'2015-01-29 13:00:00',-7,0.65,93.87),(2,'2015-01-29 14:00:00',13,0.03,33.00),(2,'2015-01-29 15:00:00',19,0.87,92.12),(2,'2015-01-29 16:00:00',13,0.09,80.73),(2,'2015-01-29 17:00:00',14,0.36,100.26),(2,'2015-01-29 18:00:00',-9,0.12,194.90),(2,'2015-01-29 19:00:00',15,0.58,194.79),(2,'2015-01-29 20:00:00',14,0.27,167.24),(2,'2015-01-29 21:00:00',-1,0.20,154.19),(2,'2015-01-29 22:00:00',1,0.12,121.63),(2,'2015-01-29 23:00:00',-7,0.92,137.89),(2,'2015-01-30 00:00:00',-3,0.21,122.75),(2,'2015-01-30 01:00:00',2,0.85,98.72),(2,'2015-01-30 02:00:00',20,0.29,103.36),(2,'2015-01-30 03:00:00',10,0.58,92.72),(2,'2015-01-30 04:00:00',-4,0.80,89.02),(2,'2015-01-30 05:00:00',13,0.96,150.52),(2,'2015-01-30 06:00:00',18,0.80,49.33),(2,'2015-01-30 07:00:00',20,0.80,110.86),(2,'2015-01-30 08:00:00',11,0.82,129.84),(2,'2015-01-30 09:00:00',15,0.35,32.82),(2,'2015-01-30 10:00:00',3,0.12,98.14),(2,'2015-01-30 11:00:00',18,0.69,105.00),(2,'2015-01-30 12:00:00',-1,0.40,41.69),(2,'2015-01-30 13:00:00',-3,0.96,29.08),(2,'2015-01-30 14:00:00',-4,0.69,36.32),(2,'2015-01-30 15:00:00',10,0.90,93.27),(2,'2015-01-30 16:00:00',17,0.16,127.21),(2,'2015-01-30 17:00:00',-9,0.11,63.35),(2,'2015-01-30 18:00:00',11,0.44,158.42),(2,'2015-01-30 19:00:00',7,0.70,191.44),(2,'2015-01-30 20:00:00',20,0.59,199.15),(2,'2015-01-30 21:00:00',14,0.75,98.87),(2,'2015-01-30 22:00:00',-9,0.76,168.36),(2,'2015-01-30 23:00:00',20,0.56,54.65),(2,'2015-01-31 00:00:00',-5,0.38,132.50),(2,'2015-01-31 01:00:00',7,0.28,129.54),(2,'2015-01-31 02:00:00',9,0.08,161.16),(2,'2015-01-31 03:00:00',-2,0.14,176.55),(2,'2015-01-31 04:00:00',-4,0.97,126.92),(2,'2015-01-31 05:00:00',-1,0.06,120.85),(2,'2015-01-31 06:00:00',-2,0.59,84.63),(2,'2015-01-31 07:00:00',1,0.63,38.09),(2,'2015-01-31 08:00:00',-8,0.54,183.41),(2,'2015-01-31 09:00:00',1,0.99,181.40),(2,'2015-01-31 10:00:00',-10,0.11,75.32),(2,'2015-01-31 11:00:00',10,0.09,155.10),(2,'2015-01-31 12:00:00',-3,0.09,46.07),(2,'2015-01-31 13:00:00',-5,0.19,100.16),(2,'2015-01-31 14:00:00',9,0.46,160.26),(2,'2015-01-31 15:00:00',16,0.90,90.27),(2,'2015-01-31 16:00:00',-5,0.82,111.27),(2,'2015-01-31 17:00:00',-5,0.74,97.46),(2,'2015-01-31 18:00:00',9,0.29,96.58),(2,'2015-01-31 19:00:00',-5,0.13,87.07),(2,'2015-01-31 20:00:00',18,0.62,43.07),(2,'2015-01-31 21:00:00',-10,0.65,149.79),(2,'2015-01-31 22:00:00',19,0.35,68.73),(2,'2015-01-31 23:00:00',0,0.57,75.49),(2,'2015-02-01 00:00:00',7,0.80,116.65),(2,'2015-02-01 01:00:00',19,0.22,193.20),(2,'2015-02-01 02:00:00',5,0.41,186.02),(2,'2015-02-01 03:00:00',-2,0.98,134.95),(2,'2015-02-01 04:00:00',-1,0.67,113.57),(2,'2015-02-01 05:00:00',5,0.92,195.29),(2,'2015-02-01 06:00:00',14,0.66,151.29),(2,'2015-02-01 07:00:00',-4,0.73,79.97),(2,'2015-02-01 08:00:00',8,0.94,95.15),(2,'2015-02-01 09:00:00',11,0.70,61.93),(2,'2015-02-01 10:00:00',5,0.46,90.40),(2,'2015-02-01 11:00:00',-8,0.54,145.57),(2,'2015-02-01 12:00:00',1,0.98,170.45),(2,'2015-02-01 13:00:00',-7,0.26,96.44),(2,'2015-02-01 14:00:00',-10,0.37,82.64),(2,'2015-02-01 15:00:00',8,0.64,158.54),(2,'2015-02-01 16:00:00',18,0.59,192.78),(2,'2015-02-01 17:00:00',-5,0.58,54.58),(2,'2015-02-01 18:00:00',-8,0.19,106.38),(2,'2015-02-01 19:00:00',0,0.40,160.36),(2,'2015-02-01 20:00:00',0,0.60,151.81),(2,'2015-02-01 21:00:00',-7,0.06,88.27),(2,'2015-02-01 22:00:00',6,0.68,158.97),(2,'2015-02-01 23:00:00',2,0.44,96.47),(2,'2015-02-02 00:00:00',1,0.68,114.44),(2,'2015-02-02 01:00:00',-3,0.57,39.96),(2,'2015-02-02 02:00:00',9,0.04,192.04),(2,'2015-02-02 03:00:00',12,0.28,198.81),(2,'2015-02-02 04:00:00',12,0.42,125.64),(2,'2015-02-02 05:00:00',6,0.43,40.92),(2,'2015-02-02 06:00:00',1,0.32,60.85),(2,'2015-02-02 07:00:00',1,1.00,137.49),(2,'2015-02-02 08:00:00',5,0.67,174.94),(2,'2015-02-02 09:00:00',1,0.00,171.82),(2,'2015-02-02 10:00:00',-8,0.55,47.77),(2,'2015-02-02 11:00:00',17,0.21,119.32),(2,'2015-02-02 12:00:00',0,0.00,179.43),(2,'2015-02-02 13:00:00',8,0.10,87.33),(2,'2015-02-02 14:00:00',3,0.67,66.69),(2,'2015-02-02 15:00:00',5,0.23,64.40),(2,'2015-02-02 16:00:00',-5,0.36,174.16),(2,'2015-02-02 17:00:00',11,0.78,132.02),(2,'2015-02-02 18:00:00',6,0.92,177.26),(2,'2015-02-02 19:00:00',-8,0.06,169.95),(2,'2015-02-02 20:00:00',-1,0.55,76.28),(2,'2015-02-02 21:00:00',-10,0.52,100.35),(2,'2015-02-02 22:00:00',-9,0.61,197.98),(2,'2015-02-02 23:00:00',7,0.55,160.51),(2,'2015-02-03 00:00:00',17,0.32,187.00),(2,'2015-02-03 01:00:00',-6,0.62,135.49),(2,'2015-02-03 02:00:00',7,0.85,174.80),(2,'2015-02-03 03:00:00',19,0.82,93.57),(2,'2015-02-03 04:00:00',16,0.27,167.65),(2,'2015-02-03 05:00:00',17,0.35,42.59),(2,'2015-02-03 06:00:00',0,0.12,160.75),(2,'2015-02-03 07:00:00',15,0.91,48.63),(2,'2015-02-03 08:00:00',0,0.87,81.32),(2,'2015-02-03 09:00:00',9,0.40,145.86),(2,'2015-02-03 10:00:00',7,0.07,187.55),(2,'2015-02-03 11:00:00',13,0.21,80.59),(2,'2015-02-03 12:00:00',0,0.95,55.03),(2,'2015-02-03 13:00:00',7,0.08,26.04),(2,'2015-02-03 14:00:00',-4,0.21,26.62),(2,'2015-02-03 15:00:00',12,0.48,84.55),(2,'2015-02-03 16:00:00',12,0.67,69.90),(2,'2015-02-03 17:00:00',-4,0.02,117.42),(2,'2015-02-03 18:00:00',18,0.70,25.52),(2,'2015-02-03 19:00:00',-7,0.61,145.87),(2,'2015-02-03 20:00:00',-6,0.59,107.30),(2,'2015-02-03 21:00:00',13,0.64,105.93),(2,'2015-02-03 22:00:00',-5,0.46,157.09),(2,'2015-02-03 23:00:00',12,0.96,168.34),(2,'2015-02-04 00:00:00',-4,0.68,132.49),(2,'2015-02-04 01:00:00',14,0.15,167.51),(2,'2015-02-04 02:00:00',13,0.01,145.86),(2,'2015-02-04 03:00:00',-3,0.00,162.70),(2,'2015-02-04 04:00:00',-4,0.60,170.30),(2,'2015-02-04 05:00:00',16,0.81,74.51),(2,'2015-02-04 06:00:00',18,0.23,120.74),(2,'2015-02-04 07:00:00',7,0.52,23.08),(2,'2015-02-04 08:00:00',12,0.54,94.28),(2,'2015-02-04 09:00:00',5,0.90,185.35),(2,'2015-02-04 10:00:00',3,0.63,47.98),(2,'2015-02-04 11:00:00',9,0.59,132.42),(2,'2015-02-04 12:00:00',9,0.07,167.51),(2,'2015-02-04 13:00:00',9,0.80,48.67),(2,'2015-02-04 14:00:00',-7,0.08,30.99),(2,'2015-02-04 15:00:00',16,0.95,31.79),(2,'2015-02-04 16:00:00',10,0.92,57.42),(2,'2015-02-04 17:00:00',-7,0.52,63.60),(2,'2015-02-04 18:00:00',16,0.24,51.08),(2,'2015-02-04 19:00:00',18,0.22,53.13),(2,'2015-02-04 20:00:00',5,0.53,193.45),(2,'2015-02-04 21:00:00',-5,0.31,50.74),(2,'2015-02-04 22:00:00',9,0.36,79.33),(2,'2015-02-04 23:00:00',-6,0.18,68.20),(2,'2015-02-05 00:00:00',-5,0.01,34.93),(2,'2015-02-05 01:00:00',5,0.57,146.84),(2,'2015-02-05 02:00:00',-7,0.80,138.63),(2,'2015-02-05 03:00:00',-8,0.31,174.46),(2,'2015-02-05 04:00:00',0,0.34,90.09),(2,'2015-02-05 05:00:00',-4,0.03,83.24),(2,'2015-02-05 06:00:00',-4,0.20,84.60),(2,'2015-02-05 07:00:00',-6,0.71,70.78),(2,'2015-02-05 08:00:00',4,0.97,106.72),(2,'2015-02-05 09:00:00',-2,0.83,194.20),(2,'2015-02-05 10:00:00',-10,0.01,76.64),(2,'2015-02-05 11:00:00',20,0.42,23.25),(2,'2015-02-05 12:00:00',17,0.53,130.91),(2,'2015-02-05 13:00:00',-1,0.36,170.15),(2,'2015-02-05 14:00:00',2,0.79,164.78),(2,'2015-02-05 15:00:00',-6,0.59,112.24),(2,'2015-02-05 16:00:00',-10,0.12,84.50),(2,'2015-02-05 17:00:00',16,0.78,31.31),(2,'2015-02-05 18:00:00',-6,1.00,142.72),(2,'2015-02-05 19:00:00',-9,0.67,109.11),(2,'2015-02-05 20:00:00',12,0.39,184.13),(2,'2015-02-05 21:00:00',7,0.14,144.03),(2,'2015-02-05 22:00:00',1,0.38,111.54),(2,'2015-02-05 23:00:00',-10,0.09,95.70),(2,'2015-02-06 00:00:00',13,0.22,159.24),(2,'2015-02-06 01:00:00',14,0.97,38.72),(2,'2015-02-06 02:00:00',-7,0.93,185.86),(2,'2015-02-06 03:00:00',14,0.73,63.43),(2,'2015-02-06 04:00:00',-6,0.57,93.93),(2,'2015-02-06 05:00:00',8,0.67,196.73),(2,'2015-02-06 06:00:00',-1,0.22,67.65),(2,'2015-02-06 07:00:00',-1,0.58,182.31),(2,'2015-02-06 08:00:00',6,0.82,25.07),(2,'2015-02-06 09:00:00',14,0.98,120.11),(2,'2015-02-06 10:00:00',16,0.08,149.10),(2,'2015-02-06 11:00:00',18,0.40,105.69),(2,'2015-02-06 12:00:00',19,0.54,119.03),(2,'2015-02-06 13:00:00',7,0.25,128.49),(2,'2015-02-06 14:00:00',10,0.48,177.95),(2,'2015-02-06 15:00:00',14,0.10,128.86),(2,'2015-02-06 16:00:00',8,0.07,79.82),(2,'2015-02-06 17:00:00',11,0.01,120.22),(2,'2015-02-06 18:00:00',12,0.71,113.61),(2,'2015-02-06 19:00:00',11,0.17,110.34),(2,'2015-02-06 20:00:00',6,0.63,199.11),(2,'2015-02-06 21:00:00',-7,0.06,181.14),(2,'2015-02-06 22:00:00',3,0.38,177.79),(2,'2015-02-06 23:00:00',-6,0.41,178.14),(2,'2015-02-07 00:00:00',5,0.32,125.11),(2,'2015-02-07 01:00:00',-1,0.20,190.49),(2,'2015-02-07 02:00:00',9,0.61,189.57),(2,'2015-02-07 03:00:00',11,0.63,138.09),(2,'2015-02-07 04:00:00',-10,0.15,162.08),(2,'2015-02-07 05:00:00',3,0.05,42.72),(2,'2015-02-07 06:00:00',10,0.48,181.08),(2,'2015-02-07 07:00:00',16,0.88,171.81),(2,'2015-02-07 08:00:00',5,0.28,128.66),(2,'2015-02-07 09:00:00',0,0.18,175.74),(2,'2015-02-07 10:00:00',11,0.86,196.33),(2,'2015-02-07 11:00:00',6,0.56,72.55),(2,'2015-02-07 12:00:00',7,0.91,148.91),(2,'2015-02-07 13:00:00',4,0.60,37.90),(2,'2015-02-07 14:00:00',18,0.45,124.25),(2,'2015-02-07 15:00:00',-7,0.36,186.79),(2,'2015-02-07 16:00:00',-5,0.03,164.51),(2,'2015-02-07 17:00:00',-7,0.73,190.53),(2,'2015-02-07 18:00:00',1,0.22,105.87),(2,'2015-02-07 19:00:00',0,0.14,134.91),(2,'2015-02-07 20:00:00',17,0.43,194.87),(2,'2015-02-07 21:00:00',9,0.83,41.83),(2,'2015-02-07 22:00:00',-1,0.84,150.99),(2,'2015-02-07 23:00:00',-7,0.65,151.88),(2,'2015-02-08 00:00:00',12,0.26,60.46),(2,'2015-02-08 01:00:00',2,0.05,165.11),(2,'2015-02-08 02:00:00',-5,0.17,60.45),(2,'2015-02-08 03:00:00',17,0.45,32.22),(2,'2015-02-08 04:00:00',-3,0.44,188.50),(2,'2015-02-08 05:00:00',16,0.88,155.76),(2,'2015-02-08 06:00:00',-1,0.35,30.53),(2,'2015-02-08 07:00:00',0,0.25,138.26),(2,'2015-02-08 08:00:00',1,0.87,132.56),(2,'2015-02-08 09:00:00',-10,0.18,69.58),(2,'2015-02-08 10:00:00',-6,0.38,150.77),(2,'2015-02-08 11:00:00',5,0.46,86.90),(2,'2015-02-08 12:00:00',-9,0.21,31.36),(2,'2015-02-08 13:00:00',2,0.91,114.08),(2,'2015-02-08 14:00:00',-8,0.72,145.96),(2,'2015-02-08 15:00:00',-6,0.44,122.00),(2,'2015-02-08 16:00:00',16,0.25,194.37),(2,'2015-02-08 17:00:00',-9,0.77,84.93),(2,'2015-02-08 18:00:00',-6,0.42,181.63),(2,'2015-02-08 19:00:00',-2,0.57,187.75),(2,'2015-02-08 20:00:00',7,0.90,98.41),(2,'2015-02-08 21:00:00',6,0.95,93.07),(2,'2015-02-08 22:00:00',-2,0.38,157.38),(2,'2015-02-08 23:00:00',8,0.72,29.14),(2,'2015-02-09 00:00:00',6,0.02,133.99),(2,'2015-02-09 01:00:00',14,0.86,100.82),(2,'2015-02-09 02:00:00',11,0.08,196.11),(2,'2015-02-09 03:00:00',14,0.64,186.84),(2,'2015-02-09 04:00:00',-4,0.68,152.80),(2,'2015-02-09 05:00:00',-2,0.33,94.88),(2,'2015-02-09 06:00:00',16,0.08,75.18),(2,'2015-02-09 07:00:00',3,0.14,158.35),(2,'2015-02-09 08:00:00',10,0.01,56.08),(2,'2015-02-09 09:00:00',-5,0.44,72.76),(2,'2015-02-09 10:00:00',15,0.43,92.72),(2,'2015-02-09 11:00:00',14,0.64,183.63),(2,'2015-02-09 12:00:00',9,0.21,72.74),(2,'2015-02-09 13:00:00',4,0.56,176.91),(2,'2015-02-09 14:00:00',-3,0.77,36.26),(2,'2015-02-09 15:00:00',11,0.51,41.48),(2,'2015-02-09 16:00:00',7,0.64,137.64),(2,'2015-02-09 17:00:00',-7,0.86,58.89),(2,'2015-02-09 18:00:00',4,0.26,69.61),(2,'2015-02-09 19:00:00',-6,0.75,65.59),(2,'2015-02-09 20:00:00',14,0.06,164.98),(2,'2015-02-09 21:00:00',-1,0.64,44.14),(2,'2015-02-09 22:00:00',-5,0.54,121.32),(2,'2015-02-09 23:00:00',-6,0.17,125.14),(2,'2015-02-10 00:00:00',4,0.30,193.58),(2,'2015-02-10 01:00:00',7,0.80,37.27),(2,'2015-02-10 02:00:00',16,0.21,83.49),(2,'2015-02-10 03:00:00',-7,0.24,161.92),(2,'2015-02-10 04:00:00',6,0.09,106.59),(2,'2015-02-10 05:00:00',13,0.03,123.98),(2,'2015-02-10 06:00:00',18,0.15,136.06),(2,'2015-02-10 07:00:00',11,0.06,39.84),(2,'2015-02-10 08:00:00',3,0.58,39.97),(2,'2015-02-10 09:00:00',-9,0.71,189.87),(2,'2015-02-10 10:00:00',3,0.41,68.01),(2,'2015-02-10 11:00:00',13,0.60,74.28),(2,'2015-02-10 12:00:00',19,0.66,48.15),(2,'2015-02-10 13:00:00',0,0.69,49.07),(2,'2015-02-10 14:00:00',12,0.56,72.51),(2,'2015-02-10 15:00:00',9,0.21,185.77),(2,'2015-02-10 16:00:00',7,0.13,40.35),(2,'2015-02-10 17:00:00',-5,0.44,135.23),(2,'2015-02-10 18:00:00',20,0.88,179.33),(2,'2015-02-10 19:00:00',-10,0.67,55.32),(2,'2015-02-10 20:00:00',-6,0.25,180.39),(2,'2015-02-10 21:00:00',14,0.63,74.65),(2,'2015-02-10 22:00:00',-9,0.13,155.77),(2,'2015-02-10 23:00:00',8,0.70,104.89),(2,'2015-02-11 00:00:00',10,0.76,94.38),(2,'2015-02-11 01:00:00',4,0.85,85.43),(2,'2015-02-11 02:00:00',1,0.57,26.72),(2,'2015-02-11 03:00:00',-9,0.45,153.11),(2,'2015-02-11 04:00:00',2,0.66,38.21),(2,'2015-02-11 05:00:00',12,0.07,108.36),(2,'2015-02-11 06:00:00',5,0.68,42.54),(2,'2015-02-11 07:00:00',-10,0.60,197.67),(2,'2015-02-11 08:00:00',-3,1.00,66.94),(2,'2015-02-11 09:00:00',9,0.46,42.19),(2,'2015-02-11 10:00:00',7,0.35,65.48),(2,'2015-02-11 11:00:00',-1,0.26,73.47),(2,'2015-02-11 12:00:00',18,0.17,88.67),(2,'2015-02-11 13:00:00',14,0.98,60.82),(2,'2015-02-11 14:00:00',19,0.82,143.32),(2,'2015-02-11 15:00:00',15,0.13,47.94),(2,'2015-02-11 16:00:00',-1,0.82,133.26),(2,'2015-02-11 17:00:00',-3,0.06,164.42),(2,'2015-02-11 18:00:00',6,0.40,188.21),(2,'2015-02-11 19:00:00',-2,0.61,114.35),(2,'2015-02-11 20:00:00',-7,0.96,168.50),(2,'2015-02-11 21:00:00',0,0.99,27.24),(2,'2015-02-11 22:00:00',15,0.61,182.49),(2,'2015-02-11 23:00:00',14,0.27,68.24),(2,'2015-02-12 00:00:00',-3,0.35,103.05),(2,'2015-02-12 01:00:00',7,0.08,137.80),(2,'2015-02-12 02:00:00',15,0.18,75.21),(2,'2015-02-12 03:00:00',-7,0.54,50.55),(2,'2015-02-12 04:00:00',11,0.66,151.33),(2,'2015-02-12 05:00:00',2,0.56,97.36),(2,'2015-02-12 06:00:00',2,0.00,177.34),(2,'2015-02-12 07:00:00',14,0.75,152.02),(2,'2015-02-12 08:00:00',12,0.15,188.86),(2,'2015-02-12 09:00:00',14,0.89,90.34),(2,'2015-02-12 10:00:00',-1,0.04,94.29),(2,'2015-02-12 11:00:00',-2,0.27,148.15),(2,'2015-02-12 12:00:00',20,0.36,51.64),(2,'2015-02-12 13:00:00',7,0.59,97.79),(2,'2015-02-12 14:00:00',-3,0.12,40.79),(2,'2015-02-12 15:00:00',3,0.38,102.10),(2,'2015-02-12 16:00:00',0,0.53,172.26),(2,'2015-02-12 17:00:00',14,0.92,40.53),(2,'2015-02-12 18:00:00',-9,0.88,133.94),(2,'2015-02-12 19:00:00',0,0.25,130.12),(2,'2015-02-12 20:00:00',-6,0.48,159.15),(2,'2015-02-12 21:00:00',12,0.95,188.53),(2,'2015-02-12 22:00:00',3,0.87,32.31),(2,'2015-02-12 23:00:00',16,0.11,140.24),(2,'2015-02-13 00:00:00',17,0.13,165.98),(2,'2015-02-13 01:00:00',-7,0.27,65.07),(2,'2015-02-13 02:00:00',16,0.61,25.20),(2,'2015-02-13 03:00:00',5,0.63,37.21),(2,'2015-02-13 04:00:00',19,1.00,118.76),(2,'2015-02-13 05:00:00',-2,0.30,62.29),(2,'2015-02-13 06:00:00',18,0.14,25.69),(2,'2015-02-13 07:00:00',6,0.40,175.39),(2,'2015-02-13 08:00:00',0,0.17,122.81),(2,'2015-02-13 09:00:00',12,0.34,47.59),(2,'2015-02-13 10:00:00',-6,0.47,41.91),(2,'2015-02-13 11:00:00',10,0.06,52.84),(2,'2015-02-13 12:00:00',-1,0.10,51.16),(2,'2015-02-13 13:00:00',-6,0.92,70.12),(2,'2015-02-13 14:00:00',10,0.20,173.34),(2,'2015-02-13 15:00:00',9,0.30,87.54),(2,'2015-02-13 16:00:00',-7,0.30,58.60),(2,'2015-02-13 17:00:00',19,0.39,101.84),(2,'2015-02-13 18:00:00',-3,0.88,108.67),(2,'2015-02-13 19:00:00',1,0.16,149.00),(2,'2015-02-13 20:00:00',16,0.53,163.85),(2,'2015-02-13 21:00:00',-6,0.13,175.99),(2,'2015-02-13 22:00:00',-6,0.14,181.35),(2,'2015-02-13 23:00:00',19,0.15,94.95),(2,'2015-02-14 00:00:00',14,0.94,41.91),(2,'2015-02-14 01:00:00',2,0.15,23.09),(2,'2015-02-14 02:00:00',-7,0.99,118.01),(2,'2015-02-14 03:00:00',14,0.74,130.80),(2,'2015-02-14 04:00:00',7,0.27,156.19),(2,'2015-02-14 05:00:00',17,0.49,133.77),(2,'2015-02-14 06:00:00',-3,0.29,188.94),(2,'2015-02-14 07:00:00',7,0.38,176.84),(2,'2015-02-14 08:00:00',16,0.67,23.18),(2,'2015-02-14 09:00:00',-1,0.23,84.72),(2,'2015-02-14 10:00:00',-7,0.91,175.23),(2,'2015-02-14 11:00:00',2,0.85,106.11),(2,'2015-02-14 12:00:00',14,0.70,174.73),(2,'2015-02-14 13:00:00',6,0.08,189.04),(2,'2015-02-14 14:00:00',16,0.47,43.48),(2,'2015-02-14 15:00:00',3,0.31,94.40),(2,'2015-02-14 16:00:00',-4,0.87,39.26),(2,'2015-02-14 17:00:00',8,0.35,178.41),(2,'2015-02-14 18:00:00',8,0.06,78.03),(2,'2015-02-14 19:00:00',17,0.63,71.00),(2,'2015-02-14 20:00:00',-4,0.86,174.33),(2,'2015-02-14 21:00:00',16,0.94,53.66),(2,'2015-02-14 22:00:00',10,0.52,41.60),(2,'2015-02-14 23:00:00',-10,0.27,81.29),(2,'2015-02-15 00:00:00',1,0.05,194.85),(2,'2015-02-15 01:00:00',4,0.41,125.75),(2,'2015-02-15 02:00:00',16,0.16,34.87),(2,'2015-02-15 03:00:00',4,0.27,152.14),(2,'2015-02-15 04:00:00',20,0.83,99.25),(2,'2015-02-15 05:00:00',-6,0.80,91.17),(2,'2015-02-15 06:00:00',-6,0.57,153.61),(2,'2015-02-15 07:00:00',1,0.92,92.17),(2,'2015-02-15 08:00:00',3,0.61,148.59),(2,'2015-02-15 09:00:00',3,0.23,182.16),(2,'2015-02-15 10:00:00',14,0.06,91.49),(2,'2015-02-15 11:00:00',18,0.78,20.34),(2,'2015-02-15 12:00:00',4,0.64,161.07),(2,'2015-02-15 13:00:00',3,0.34,65.80),(2,'2015-02-15 14:00:00',15,0.06,89.26),(2,'2015-02-15 15:00:00',-5,0.77,40.90),(2,'2015-02-15 16:00:00',-9,0.01,74.69),(2,'2015-02-15 17:00:00',20,0.91,111.66),(2,'2015-02-15 18:00:00',2,0.09,98.70),(2,'2015-02-15 19:00:00',15,0.88,124.61),(2,'2015-02-15 20:00:00',-1,0.10,187.71),(2,'2015-02-15 21:00:00',15,0.89,118.74),(2,'2015-02-15 22:00:00',4,0.59,100.97),(2,'2015-02-15 23:00:00',3,0.11,23.92),(2,'2015-02-16 00:00:00',11,0.38,123.37),(2,'2015-02-16 01:00:00',-4,0.02,42.72),(2,'2015-02-16 02:00:00',-1,0.63,49.50),(2,'2015-02-16 03:00:00',-10,0.85,177.34),(2,'2015-02-16 04:00:00',10,0.23,54.57),(2,'2015-02-16 05:00:00',12,0.49,90.92),(2,'2015-02-16 06:00:00',16,0.37,56.10),(2,'2015-02-16 07:00:00',13,0.52,21.58),(2,'2015-02-16 08:00:00',14,0.25,75.65),(2,'2015-02-16 09:00:00',8,0.61,151.64),(2,'2015-02-16 10:00:00',17,0.35,28.26),(2,'2015-02-16 11:00:00',18,0.52,50.55),(2,'2015-02-16 12:00:00',14,0.69,102.60),(2,'2015-02-16 13:00:00',8,0.90,34.42),(2,'2015-02-16 14:00:00',9,0.61,145.70),(2,'2015-02-16 15:00:00',-3,0.34,157.43),(2,'2015-02-16 16:00:00',0,0.32,178.64),(2,'2015-02-16 17:00:00',4,0.85,123.06),(2,'2015-02-16 18:00:00',13,0.91,129.81),(2,'2015-02-16 19:00:00',17,0.70,187.15),(2,'2015-02-16 20:00:00',-7,0.52,146.08),(2,'2015-02-16 21:00:00',3,0.04,104.07),(2,'2015-02-16 22:00:00',-7,0.67,182.35),(2,'2015-02-16 23:00:00',10,0.64,155.58),(2,'2015-02-17 00:00:00',18,0.94,120.51),(2,'2015-02-17 01:00:00',7,0.22,187.94),(2,'2015-02-17 02:00:00',8,0.27,126.74),(2,'2015-02-17 03:00:00',0,0.52,170.22),(2,'2015-02-17 04:00:00',13,0.84,68.71),(2,'2015-02-17 05:00:00',-9,0.83,125.36),(2,'2015-02-17 06:00:00',-1,0.03,143.52),(2,'2015-02-17 07:00:00',-4,0.50,75.88),(2,'2015-02-17 08:00:00',20,0.89,167.03),(2,'2015-02-17 09:00:00',-1,0.48,135.35),(2,'2015-02-17 10:00:00',6,0.49,85.76),(2,'2015-02-17 11:00:00',9,0.09,29.76),(2,'2015-02-17 12:00:00',-5,0.31,105.79),(2,'2015-02-17 13:00:00',3,0.64,31.40),(2,'2015-02-17 14:00:00',11,0.21,94.38),(2,'2015-02-17 15:00:00',-7,0.19,149.65),(2,'2015-02-17 16:00:00',6,0.01,151.33),(2,'2015-02-17 17:00:00',-7,0.70,174.58),(2,'2015-02-17 18:00:00',12,0.66,114.97),(2,'2015-02-17 19:00:00',-6,0.20,57.93),(2,'2015-02-17 20:00:00',13,0.14,170.95),(2,'2015-02-17 21:00:00',15,0.74,77.37),(2,'2015-02-17 22:00:00',3,0.03,187.20),(2,'2015-02-17 23:00:00',15,0.42,71.09),(2,'2015-02-18 00:00:00',-6,0.66,121.57),(2,'2015-02-18 01:00:00',4,0.39,96.97),(2,'2015-02-18 02:00:00',-7,0.29,53.65),(2,'2015-02-18 03:00:00',3,0.92,65.60),(2,'2015-02-18 04:00:00',19,0.95,97.55),(2,'2015-02-18 05:00:00',10,0.49,32.13),(2,'2015-02-18 06:00:00',-1,0.18,60.16),(2,'2015-02-18 07:00:00',18,0.44,89.85),(2,'2015-02-18 08:00:00',2,0.05,134.79),(2,'2015-02-18 09:00:00',-8,0.24,104.51),(2,'2015-02-18 10:00:00',-10,0.17,110.24),(2,'2015-02-18 11:00:00',10,0.54,61.11),(2,'2015-02-18 12:00:00',-2,0.83,58.43),(2,'2015-02-18 13:00:00',16,0.13,171.16),(2,'2015-02-18 14:00:00',5,0.07,170.39),(2,'2015-02-18 15:00:00',14,0.10,74.80),(2,'2015-02-18 16:00:00',1,0.89,49.90),(2,'2015-02-18 17:00:00',1,0.05,72.58),(2,'2015-02-18 18:00:00',7,0.44,142.68),(2,'2015-02-18 19:00:00',10,0.25,184.50),(2,'2015-02-18 20:00:00',14,0.37,142.83),(2,'2015-02-18 21:00:00',17,0.34,50.01),(2,'2015-02-18 22:00:00',19,0.34,94.15),(2,'2015-02-18 23:00:00',-10,0.01,24.62),(2,'2015-02-19 00:00:00',3,0.28,30.73),(2,'2015-02-19 01:00:00',-7,0.44,61.82),(2,'2015-02-19 02:00:00',3,0.16,138.47),(2,'2015-02-19 03:00:00',-10,0.67,28.58),(2,'2015-02-19 04:00:00',-4,0.15,136.87),(2,'2015-02-19 05:00:00',3,0.69,76.17),(2,'2015-02-19 06:00:00',16,0.42,65.51),(2,'2015-02-19 07:00:00',15,0.28,68.04),(2,'2015-02-19 08:00:00',-10,0.42,157.98),(2,'2015-02-19 09:00:00',18,0.45,153.95),(2,'2015-02-19 10:00:00',17,0.58,139.36),(2,'2015-02-19 11:00:00',5,0.85,133.42),(2,'2015-02-19 12:00:00',1,0.31,149.02),(2,'2015-02-19 13:00:00',17,0.47,102.26),(2,'2015-02-19 14:00:00',-1,0.08,145.56),(2,'2015-02-19 15:00:00',12,0.72,126.06),(2,'2015-02-19 16:00:00',6,0.18,124.72),(2,'2015-02-19 17:00:00',18,0.75,79.00),(2,'2015-02-19 18:00:00',3,0.56,107.72),(2,'2015-02-19 19:00:00',9,0.44,151.22),(2,'2015-02-19 20:00:00',15,0.98,177.15),(2,'2015-02-19 21:00:00',20,0.57,71.33),(2,'2015-02-19 22:00:00',0,0.29,199.57),(2,'2015-02-19 23:00:00',-1,0.76,99.91),(2,'2015-02-20 00:00:00',-2,0.00,66.15),(2,'2015-02-20 01:00:00',19,0.62,20.14),(2,'2015-02-20 02:00:00',18,0.34,170.78),(2,'2015-02-20 03:00:00',-7,0.87,33.53),(2,'2015-02-20 04:00:00',4,0.41,115.30),(2,'2015-02-20 05:00:00',15,0.10,117.25),(2,'2015-02-20 06:00:00',-4,0.24,63.91),(2,'2015-02-20 07:00:00',-4,0.57,76.78),(2,'2015-02-20 08:00:00',2,0.58,71.73),(2,'2015-02-20 09:00:00',-3,0.72,170.26),(2,'2015-02-20 10:00:00',-6,0.63,186.33),(2,'2015-02-20 11:00:00',0,0.14,50.71),(2,'2015-02-20 12:00:00',4,0.79,37.82),(2,'2015-02-20 13:00:00',3,0.46,128.99),(2,'2015-02-20 14:00:00',18,0.92,82.51),(2,'2015-02-20 15:00:00',11,0.64,183.51),(2,'2015-02-20 16:00:00',11,0.23,91.06),(2,'2015-02-20 17:00:00',-5,0.85,54.14),(2,'2015-02-20 18:00:00',15,0.19,39.48),(2,'2015-02-20 19:00:00',2,0.26,170.38),(2,'2015-02-20 20:00:00',14,0.19,56.98),(2,'2015-02-20 21:00:00',7,0.29,96.94),(2,'2015-02-20 22:00:00',-8,0.66,49.67),(2,'2015-02-20 23:00:00',11,0.93,191.21),(2,'2015-02-21 00:00:00',12,0.34,78.43),(2,'2015-02-21 01:00:00',3,0.01,59.55),(2,'2015-02-21 02:00:00',16,0.45,66.13),(2,'2015-02-21 03:00:00',-8,0.13,41.21),(2,'2015-02-21 04:00:00',12,0.53,59.35),(2,'2015-02-21 05:00:00',6,0.89,151.62),(2,'2015-02-21 06:00:00',17,0.20,47.12),(2,'2015-02-21 07:00:00',4,0.72,199.44),(2,'2015-02-21 08:00:00',19,0.88,174.55),(2,'2015-02-21 09:00:00',-2,0.09,197.05),(2,'2015-02-21 10:00:00',13,0.54,179.33),(2,'2015-02-21 11:00:00',20,0.31,80.97),(2,'2015-02-21 12:00:00',-9,0.27,55.95),(2,'2015-02-21 13:00:00',20,0.93,122.76),(2,'2015-02-21 14:00:00',16,0.13,136.70),(2,'2015-02-21 15:00:00',-5,0.67,172.13),(2,'2015-02-21 16:00:00',0,1.00,165.72),(2,'2015-02-21 17:00:00',17,0.17,103.91),(2,'2015-02-21 18:00:00',15,0.54,112.36),(2,'2015-02-21 19:00:00',-10,0.60,130.72),(2,'2015-02-21 20:00:00',-8,0.80,132.39),(2,'2015-02-21 21:00:00',6,0.39,188.86),(2,'2015-02-21 22:00:00',16,0.84,49.04),(2,'2015-02-21 23:00:00',4,0.71,111.87),(2,'2015-02-22 00:00:00',8,0.42,40.80),(2,'2015-02-22 01:00:00',-4,0.33,104.45),(2,'2015-02-22 02:00:00',15,0.11,152.59),(2,'2015-02-22 03:00:00',-1,0.75,79.32),(2,'2015-02-22 04:00:00',-5,0.19,64.67),(2,'2015-02-22 05:00:00',17,0.85,127.87),(2,'2015-02-22 06:00:00',16,0.50,70.16),(2,'2015-02-22 07:00:00',18,0.94,37.92),(2,'2015-02-22 08:00:00',2,0.17,72.77),(2,'2015-02-22 09:00:00',20,0.24,114.13),(2,'2015-02-22 10:00:00',-6,0.78,154.74),(2,'2015-02-22 11:00:00',9,0.25,126.72),(2,'2015-02-22 12:00:00',7,0.87,92.47),(2,'2015-02-22 13:00:00',-10,0.61,170.36),(2,'2015-02-22 14:00:00',1,0.29,76.64),(2,'2015-02-22 15:00:00',19,0.54,83.17),(2,'2015-02-22 16:00:00',-9,0.25,144.86),(2,'2015-02-22 17:00:00',7,0.19,183.35),(2,'2015-02-22 18:00:00',13,0.39,111.91),(2,'2015-02-22 19:00:00',-7,0.78,131.06),(2,'2015-02-22 20:00:00',15,0.89,141.79),(2,'2015-02-22 21:00:00',-10,0.36,105.94),(2,'2015-02-22 22:00:00',-6,0.47,185.54),(2,'2015-02-22 23:00:00',12,0.51,141.02),(2,'2015-02-23 00:00:00',-5,0.40,179.17),(2,'2015-02-23 01:00:00',10,0.26,39.15),(2,'2015-02-23 02:00:00',17,0.92,77.66),(2,'2015-02-23 03:00:00',2,0.06,142.20),(2,'2015-02-23 04:00:00',19,0.27,72.79),(2,'2015-02-23 05:00:00',0,0.44,124.19),(2,'2015-02-23 06:00:00',-8,0.50,139.86),(2,'2015-02-23 07:00:00',5,0.91,195.54),(2,'2015-02-23 08:00:00',-7,0.86,81.04),(2,'2015-02-23 09:00:00',17,0.98,198.83),(2,'2015-02-23 10:00:00',8,0.61,170.69),(2,'2015-02-23 11:00:00',9,0.98,173.58),(2,'2015-02-23 12:00:00',20,0.24,137.92),(2,'2015-02-23 13:00:00',17,0.50,71.14),(2,'2015-02-23 14:00:00',5,0.29,22.09),(2,'2015-02-23 15:00:00',11,0.78,36.33),(2,'2015-02-23 16:00:00',19,0.83,90.40),(2,'2015-02-23 17:00:00',19,0.54,145.77),(2,'2015-02-23 18:00:00',6,0.66,146.93),(2,'2015-02-23 19:00:00',-4,0.07,31.33),(2,'2015-02-23 20:00:00',0,0.13,56.87),(2,'2015-02-23 21:00:00',-6,0.68,51.82),(2,'2015-02-23 22:00:00',1,0.49,98.40),(2,'2015-02-23 23:00:00',0,0.82,68.60),(2,'2015-02-24 00:00:00',10,0.73,41.34),(2,'2015-02-24 01:00:00',8,0.08,65.92),(2,'2015-02-24 02:00:00',6,0.67,160.17),(2,'2015-02-24 03:00:00',-8,0.42,151.93),(2,'2015-02-24 04:00:00',-10,0.04,159.53),(2,'2015-02-24 05:00:00',13,0.39,117.69),(2,'2015-02-24 06:00:00',9,0.73,163.38),(2,'2015-02-24 07:00:00',12,0.75,130.50),(2,'2015-02-24 08:00:00',-9,0.54,70.62),(2,'2015-02-24 09:00:00',12,0.19,31.29),(2,'2015-02-24 10:00:00',-4,0.27,60.67),(2,'2015-02-24 11:00:00',-4,0.54,115.70),(2,'2015-02-24 12:00:00',1,0.46,89.27),(2,'2015-02-24 13:00:00',14,0.82,20.50),(2,'2015-02-24 14:00:00',12,0.36,182.82),(2,'2015-02-24 15:00:00',4,0.39,66.38),(2,'2015-02-24 16:00:00',0,0.02,23.17),(2,'2015-02-24 17:00:00',13,0.90,106.58),(2,'2015-02-24 18:00:00',-10,0.43,154.72),(2,'2015-02-24 19:00:00',1,0.24,159.36),(2,'2015-02-24 20:00:00',4,0.95,30.36),(2,'2015-02-24 21:00:00',-3,0.29,50.43),(2,'2015-02-24 22:00:00',-2,0.93,104.92),(2,'2015-02-24 23:00:00',0,0.69,175.89),(2,'2015-02-25 00:00:00',2,0.56,44.69),(2,'2015-02-25 01:00:00',10,0.17,160.19),(2,'2015-02-25 02:00:00',7,0.92,133.86),(2,'2015-02-25 03:00:00',8,0.31,81.96),(2,'2015-02-25 04:00:00',18,0.42,149.25),(2,'2015-02-25 05:00:00',-5,0.01,40.58),(2,'2015-02-25 06:00:00',1,0.73,142.67),(2,'2015-02-25 07:00:00',18,0.32,76.16),(2,'2015-02-25 08:00:00',17,0.36,171.82),(2,'2015-02-25 09:00:00',0,0.85,54.63),(2,'2015-02-25 10:00:00',-9,0.77,127.84),(2,'2015-02-25 11:00:00',3,0.68,118.73),(2,'2015-02-25 12:00:00',14,0.61,30.69),(2,'2015-02-25 13:00:00',17,0.83,108.98),(2,'2015-02-25 14:00:00',14,0.53,120.61),(2,'2015-02-25 15:00:00',8,0.89,133.95),(2,'2015-02-25 16:00:00',-3,0.51,140.28),(2,'2015-02-25 17:00:00',5,0.68,42.71),(2,'2015-02-25 18:00:00',-7,0.86,116.69),(2,'2015-02-25 19:00:00',4,0.25,159.39),(2,'2015-02-25 20:00:00',-1,0.58,115.04),(2,'2015-02-25 21:00:00',1,0.15,136.26),(2,'2015-02-25 22:00:00',-6,0.84,21.89),(2,'2015-02-25 23:00:00',-10,0.51,180.63),(2,'2015-02-26 00:00:00',11,0.08,90.84),(2,'2015-02-26 01:00:00',-10,0.40,130.01),(2,'2015-02-26 02:00:00',-2,0.21,144.15),(2,'2015-02-26 03:00:00',-10,0.41,97.84),(2,'2015-02-26 04:00:00',4,0.90,85.74),(2,'2015-02-26 05:00:00',3,0.23,64.98),(2,'2015-02-26 06:00:00',17,0.32,132.95),(2,'2015-02-26 07:00:00',-8,0.03,65.85),(2,'2015-02-26 08:00:00',3,0.45,184.09),(2,'2015-02-26 09:00:00',-1,0.72,108.31),(2,'2015-02-26 10:00:00',-9,0.61,48.43),(2,'2015-02-26 11:00:00',13,0.28,32.13),(2,'2015-02-26 12:00:00',5,0.04,176.54),(2,'2015-02-26 13:00:00',-4,0.70,24.64),(2,'2015-02-26 14:00:00',10,0.68,136.43),(2,'2015-02-26 15:00:00',4,0.24,106.40),(2,'2015-02-26 16:00:00',-6,0.72,159.43),(2,'2015-02-26 17:00:00',17,0.19,144.17),(2,'2015-02-26 18:00:00',18,0.46,128.24),(2,'2015-02-26 19:00:00',-5,0.34,146.81),(2,'2015-02-26 20:00:00',6,0.84,197.62),(2,'2015-02-26 21:00:00',-6,0.00,74.58),(2,'2015-02-26 22:00:00',11,0.38,62.44),(2,'2015-02-26 23:00:00',20,0.23,41.31),(2,'2015-02-27 00:00:00',11,0.03,73.97),(2,'2015-02-27 01:00:00',9,0.07,62.52),(2,'2015-02-27 02:00:00',-5,0.59,28.35),(2,'2015-02-27 03:00:00',-2,0.27,194.67),(2,'2015-02-27 04:00:00',-4,1.00,134.34),(2,'2015-02-27 05:00:00',9,0.92,65.81),(2,'2015-02-27 06:00:00',-1,0.32,47.02),(2,'2015-02-27 07:00:00',20,0.21,56.09),(2,'2015-02-27 08:00:00',15,0.24,103.45),(2,'2015-02-27 09:00:00',2,0.09,88.53),(2,'2015-02-27 10:00:00',20,0.42,84.62),(2,'2015-02-27 11:00:00',6,0.28,43.36),(2,'2015-02-27 12:00:00',15,0.02,142.55),(2,'2015-02-27 13:00:00',-4,0.48,77.07),(2,'2015-02-27 14:00:00',6,0.68,24.82),(2,'2015-02-27 15:00:00',10,0.64,63.90),(2,'2015-02-27 16:00:00',18,0.53,184.35),(2,'2015-02-27 17:00:00',19,0.87,127.73),(2,'2015-02-27 18:00:00',-1,0.12,102.68),(2,'2015-02-27 19:00:00',-10,0.66,161.70),(2,'2015-02-27 20:00:00',5,0.21,103.75),(2,'2015-02-27 21:00:00',11,0.15,48.04),(2,'2015-02-27 22:00:00',-2,0.04,135.75),(2,'2015-02-27 23:00:00',-9,0.14,23.62),(2,'2015-02-28 00:00:00',-3,0.66,60.80),(2,'2015-02-28 01:00:00',12,0.23,195.92),(2,'2015-02-28 02:00:00',5,0.52,135.71),(2,'2015-02-28 03:00:00',3,0.59,158.86),(2,'2015-02-28 04:00:00',15,0.27,149.21),(2,'2015-02-28 05:00:00',-7,0.91,187.72),(2,'2015-02-28 06:00:00',-10,1.00,21.44),(2,'2015-02-28 07:00:00',6,0.25,22.08),(2,'2015-02-28 08:00:00',11,0.20,40.92),(2,'2015-02-28 09:00:00',6,0.71,131.41),(2,'2015-02-28 10:00:00',15,0.16,168.73),(2,'2015-02-28 11:00:00',-9,0.88,160.76),(2,'2015-02-28 12:00:00',-8,0.27,24.79),(2,'2015-02-28 13:00:00',10,0.69,77.34),(2,'2015-02-28 14:00:00',3,0.47,138.69),(2,'2015-02-28 15:00:00',15,0.19,20.32),(2,'2015-02-28 16:00:00',1,0.11,168.93),(2,'2015-02-28 17:00:00',16,0.75,52.26),(2,'2015-02-28 18:00:00',15,0.38,151.67),(2,'2015-02-28 19:00:00',15,0.31,171.53),(2,'2015-02-28 20:00:00',-6,0.44,84.90),(2,'2015-02-28 21:00:00',3,0.47,33.71),(2,'2015-02-28 22:00:00',10,0.93,129.05),(2,'2015-02-28 23:00:00',20,0.66,61.84),(2,'2015-03-01 00:00:00',20,0.04,198.73),(2,'2015-03-01 01:00:00',16,0.00,151.05),(2,'2015-03-01 02:00:00',-4,0.19,190.03),(2,'2015-03-01 03:00:00',10,0.10,109.93),(2,'2015-03-01 04:00:00',1,0.61,127.33),(2,'2015-03-01 05:00:00',-9,0.36,85.17),(2,'2015-03-01 06:00:00',18,0.59,53.36),(2,'2015-03-01 07:00:00',3,0.85,100.32),(2,'2015-03-01 08:00:00',14,0.83,189.59),(2,'2015-03-01 09:00:00',-2,0.09,97.99),(2,'2015-03-01 10:00:00',9,0.87,61.80),(2,'2015-03-01 11:00:00',-8,0.12,189.65),(2,'2015-03-01 12:00:00',-5,0.21,126.84),(2,'2015-03-01 13:00:00',9,0.33,30.37),(2,'2015-03-01 14:00:00',8,0.92,126.98),(2,'2015-03-01 15:00:00',17,0.54,187.01),(2,'2015-03-01 16:00:00',20,0.35,146.67),(2,'2015-03-01 17:00:00',3,0.11,154.18),(2,'2015-03-01 18:00:00',0,0.10,154.05),(2,'2015-03-01 19:00:00',-1,0.64,61.22),(2,'2015-03-01 20:00:00',-7,0.78,132.84),(2,'2015-03-01 21:00:00',15,0.51,100.44),(2,'2015-03-01 22:00:00',17,0.60,26.11),(2,'2015-03-01 23:00:00',-2,0.68,91.93),(2,'2015-03-02 00:00:00',-10,0.77,122.12),(2,'2015-03-02 01:00:00',-4,0.50,154.24),(2,'2015-03-02 02:00:00',-9,0.86,39.98),(2,'2015-03-02 03:00:00',16,0.99,86.13),(2,'2015-03-02 04:00:00',6,0.88,143.19),(2,'2015-03-02 05:00:00',-5,0.88,130.07),(2,'2015-03-02 06:00:00',-3,0.59,187.36),(2,'2015-03-02 07:00:00',2,0.78,130.36),(2,'2015-03-02 08:00:00',11,0.92,60.02),(2,'2015-03-02 09:00:00',12,0.69,73.31),(2,'2015-03-02 10:00:00',11,0.87,177.86),(2,'2015-03-02 11:00:00',8,0.75,118.50),(2,'2015-03-02 12:00:00',-8,0.83,165.68),(2,'2015-03-02 13:00:00',4,0.57,34.48),(2,'2015-03-02 14:00:00',20,0.92,87.07),(2,'2015-03-02 15:00:00',1,0.34,141.03),(2,'2015-03-02 16:00:00',7,0.20,37.85),(2,'2015-03-02 17:00:00',6,0.39,63.78),(2,'2015-03-02 18:00:00',8,0.03,57.62),(2,'2015-03-02 19:00:00',-6,0.14,101.51),(2,'2015-03-02 20:00:00',4,0.26,189.30),(2,'2015-03-02 21:00:00',-10,0.91,82.75),(2,'2015-03-02 22:00:00',17,0.37,53.76),(2,'2015-03-02 23:00:00',3,0.75,92.18),(2,'2015-03-03 00:00:00',-9,0.38,88.18),(2,'2015-03-03 01:00:00',-3,0.64,60.53),(2,'2015-03-03 02:00:00',10,0.32,169.81),(2,'2015-03-03 03:00:00',-6,0.36,145.22),(2,'2015-03-03 04:00:00',-9,0.27,114.71),(2,'2015-03-03 05:00:00',7,0.40,124.09),(2,'2015-03-03 06:00:00',10,0.51,185.16),(2,'2015-03-03 07:00:00',20,0.61,61.13),(2,'2015-03-03 08:00:00',9,0.15,147.36),(2,'2015-03-03 09:00:00',20,0.84,44.03),(2,'2015-03-03 10:00:00',-4,0.20,155.50),(2,'2015-03-03 11:00:00',16,0.77,78.51),(2,'2015-03-03 12:00:00',-9,0.62,117.02),(2,'2015-03-03 13:00:00',-8,0.50,144.46),(2,'2015-03-03 14:00:00',12,0.26,98.45),(2,'2015-03-03 15:00:00',15,0.56,173.16),(2,'2015-03-03 16:00:00',-9,0.48,79.22),(2,'2015-03-03 17:00:00',7,0.56,31.89),(2,'2015-03-03 18:00:00',-8,0.46,38.56),(2,'2015-03-03 19:00:00',1,0.66,70.28),(2,'2015-03-03 20:00:00',-10,0.99,89.01),(2,'2015-03-03 21:00:00',16,0.35,98.01),(2,'2015-03-03 22:00:00',19,0.80,145.09),(2,'2015-03-03 23:00:00',-7,0.30,67.19),(2,'2015-03-04 00:00:00',11,0.62,117.89),(2,'2015-03-04 01:00:00',15,0.74,148.84),(2,'2015-03-04 02:00:00',20,0.08,74.92),(2,'2015-03-04 03:00:00',-8,0.31,93.37),(2,'2015-03-04 04:00:00',3,0.42,58.35),(2,'2015-03-04 05:00:00',-10,0.91,120.56),(2,'2015-03-04 06:00:00',5,0.15,106.09),(2,'2015-03-04 07:00:00',0,0.43,181.87),(2,'2015-03-04 08:00:00',12,0.59,158.40),(2,'2015-03-04 09:00:00',1,0.40,33.00),(2,'2015-03-04 10:00:00',-8,0.59,199.87),(2,'2015-03-04 11:00:00',15,0.29,25.89),(2,'2015-03-04 12:00:00',-4,0.89,168.04),(2,'2015-03-04 13:00:00',1,0.72,127.26),(2,'2015-03-04 14:00:00',1,0.11,85.29),(2,'2015-03-04 15:00:00',15,0.35,81.64),(2,'2015-03-04 16:00:00',11,0.95,90.28),(2,'2015-03-04 17:00:00',4,0.23,22.27),(2,'2015-03-04 18:00:00',20,0.52,199.10),(2,'2015-03-04 19:00:00',9,0.30,71.83),(2,'2015-03-04 20:00:00',-3,0.66,115.47),(2,'2015-03-04 21:00:00',0,0.66,172.93),(2,'2015-03-04 22:00:00',0,0.25,143.80),(2,'2015-03-04 23:00:00',2,0.02,115.28),(2,'2015-03-05 00:00:00',18,0.44,122.90),(2,'2015-03-05 01:00:00',20,0.82,42.95),(2,'2015-03-05 02:00:00',-6,0.52,184.55),(2,'2015-03-05 03:00:00',10,0.03,153.37),(2,'2015-03-05 04:00:00',-8,0.58,145.44),(2,'2015-03-05 05:00:00',-2,0.28,22.68),(2,'2015-03-05 06:00:00',0,0.39,56.34),(2,'2015-03-05 07:00:00',6,0.26,101.67),(2,'2015-03-05 08:00:00',-10,0.98,176.32),(2,'2015-03-05 09:00:00',15,0.67,137.18),(2,'2015-03-05 10:00:00',17,0.75,77.80),(2,'2015-03-05 11:00:00',5,0.50,90.04),(2,'2015-03-05 12:00:00',8,0.17,51.52),(2,'2015-03-05 13:00:00',-3,0.43,45.65),(2,'2015-03-05 14:00:00',-10,0.78,164.26),(2,'2015-03-05 15:00:00',-5,0.61,154.77),(2,'2015-03-05 16:00:00',-5,0.60,145.40),(2,'2015-03-05 17:00:00',-5,0.52,178.79),(2,'2015-03-05 18:00:00',19,0.11,166.85),(2,'2015-03-05 19:00:00',-2,0.71,145.86),(2,'2015-03-05 20:00:00',5,0.97,69.56),(2,'2015-03-05 21:00:00',-1,0.33,40.08),(2,'2015-03-05 22:00:00',11,0.51,71.74),(2,'2015-03-05 23:00:00',18,0.41,30.11),(2,'2015-03-06 00:00:00',11,0.87,36.98),(2,'2015-03-06 01:00:00',-2,0.41,38.82),(2,'2015-03-06 02:00:00',15,0.31,87.53),(2,'2015-03-06 03:00:00',9,0.16,26.40),(2,'2015-03-06 04:00:00',7,0.97,21.55),(2,'2015-03-06 05:00:00',20,0.18,177.26),(2,'2015-03-06 06:00:00',6,0.55,46.67),(2,'2015-03-06 07:00:00',16,0.00,42.57),(2,'2015-03-06 08:00:00',10,1.00,23.62),(2,'2015-03-06 09:00:00',2,0.46,195.33),(2,'2015-03-06 10:00:00',-3,0.47,143.17),(2,'2015-03-06 11:00:00',4,0.63,101.75),(2,'2015-03-06 12:00:00',14,0.58,144.70),(2,'2015-03-06 13:00:00',10,0.12,110.27),(2,'2015-03-06 14:00:00',15,0.39,134.44),(2,'2015-03-06 15:00:00',-5,0.38,55.93),(2,'2015-03-06 16:00:00',18,0.00,43.87),(2,'2015-03-06 17:00:00',9,0.88,46.84),(2,'2015-03-06 18:00:00',4,0.42,85.00),(2,'2015-03-06 19:00:00',-4,0.31,67.47),(2,'2015-03-06 20:00:00',-4,0.17,105.66),(2,'2015-03-06 21:00:00',0,0.01,23.33),(2,'2015-03-06 22:00:00',17,0.96,75.74),(2,'2015-03-06 23:00:00',-5,0.16,117.40),(2,'2015-03-07 00:00:00',18,0.67,167.08),(2,'2015-03-07 01:00:00',-3,0.89,30.39),(2,'2015-03-07 02:00:00',5,0.92,107.57),(2,'2015-03-07 03:00:00',19,0.90,109.86),(2,'2015-03-07 04:00:00',7,0.84,28.88),(2,'2015-03-07 05:00:00',15,0.98,181.05),(2,'2015-03-07 06:00:00',-6,0.68,181.95),(2,'2015-03-07 07:00:00',-6,0.82,86.65),(2,'2015-03-07 08:00:00',-4,0.83,68.25),(2,'2015-03-07 09:00:00',-3,0.38,156.72),(2,'2015-03-07 10:00:00',5,0.52,186.70),(2,'2015-03-07 11:00:00',6,0.54,117.01),(2,'2015-03-07 12:00:00',10,0.41,160.23),(2,'2015-03-07 13:00:00',-10,0.71,179.39),(2,'2015-03-07 14:00:00',-4,0.12,103.54),(2,'2015-03-07 15:00:00',14,0.90,44.61),(2,'2015-03-07 16:00:00',16,0.36,28.14),(2,'2015-03-07 17:00:00',18,0.07,66.09),(2,'2015-03-07 18:00:00',5,0.93,52.26),(2,'2015-03-07 19:00:00',-3,0.90,127.20),(2,'2015-03-07 20:00:00',3,0.52,127.61),(2,'2015-03-07 21:00:00',20,0.72,60.11),(2,'2015-03-07 22:00:00',19,0.64,25.00),(2,'2015-03-07 23:00:00',-8,0.08,30.86),(2,'2015-03-08 00:00:00',-4,0.10,127.29),(2,'2015-03-08 01:00:00',6,0.93,151.57),(2,'2015-03-08 02:00:00',14,0.89,35.40),(2,'2015-03-08 03:00:00',14,0.78,177.20),(2,'2015-03-08 04:00:00',14,0.96,159.89),(2,'2015-03-08 05:00:00',1,0.88,142.89),(2,'2015-03-08 06:00:00',7,0.10,164.04),(2,'2015-03-08 07:00:00',-5,0.76,174.83),(2,'2015-03-08 08:00:00',2,0.31,124.34),(2,'2015-03-08 09:00:00',-2,0.87,115.38),(2,'2015-03-08 10:00:00',-5,0.08,115.63),(2,'2015-03-08 11:00:00',13,0.65,74.81),(2,'2015-03-08 12:00:00',4,0.32,47.34),(2,'2015-03-08 13:00:00',3,0.01,112.77),(2,'2015-03-08 14:00:00',5,0.07,27.41),(2,'2015-03-08 15:00:00',14,0.45,166.48),(2,'2015-03-08 16:00:00',18,0.65,66.72),(2,'2015-03-08 17:00:00',11,0.67,102.90),(2,'2015-03-08 18:00:00',8,0.93,179.69),(2,'2015-03-08 19:00:00',10,0.98,39.68),(2,'2015-03-08 20:00:00',2,0.43,69.35),(2,'2015-03-08 21:00:00',7,0.70,166.69),(2,'2015-03-08 22:00:00',2,0.54,39.15),(2,'2015-03-08 23:00:00',-1,0.06,94.51),(2,'2015-03-09 00:00:00',9,0.37,135.02),(2,'2015-03-09 01:00:00',8,0.06,46.32),(2,'2015-03-09 02:00:00',3,0.70,144.43),(2,'2015-03-09 03:00:00',-6,0.49,56.83),(2,'2015-03-09 04:00:00',-5,0.77,112.62),(2,'2015-03-09 05:00:00',2,0.72,197.73),(2,'2015-03-09 06:00:00',18,0.69,94.65),(2,'2015-03-09 07:00:00',-5,0.55,100.84),(2,'2015-03-09 08:00:00',6,0.09,138.17),(2,'2015-03-09 09:00:00',10,0.21,35.56),(2,'2015-03-09 10:00:00',13,0.51,45.66),(2,'2015-03-09 11:00:00',14,0.09,177.59),(2,'2015-03-09 12:00:00',-5,0.77,106.44),(2,'2015-03-09 13:00:00',12,0.75,192.08),(2,'2015-03-09 14:00:00',19,0.76,144.04),(2,'2015-03-09 15:00:00',-8,0.50,178.46),(2,'2015-03-09 16:00:00',0,0.23,198.40),(2,'2015-03-09 17:00:00',1,0.44,162.63),(2,'2015-03-09 18:00:00',12,0.28,22.33),(2,'2015-03-09 19:00:00',11,0.63,55.50),(2,'2015-03-09 20:00:00',-9,0.68,196.05),(2,'2015-03-09 21:00:00',20,0.23,155.93),(2,'2015-03-09 22:00:00',19,0.61,87.00),(2,'2015-03-09 23:00:00',-3,0.46,97.05),(2,'2015-03-10 00:00:00',3,0.60,76.82),(2,'2015-03-10 01:00:00',7,0.47,116.41),(2,'2015-03-10 02:00:00',12,0.78,116.79),(2,'2015-03-10 03:00:00',11,0.78,45.82),(2,'2015-03-10 04:00:00',-2,0.42,144.59),(2,'2015-03-10 05:00:00',-9,0.16,60.87),(2,'2015-03-10 06:00:00',5,0.62,64.92),(2,'2015-03-10 07:00:00',17,0.91,123.39),(2,'2015-03-10 08:00:00',16,0.80,197.57),(2,'2015-03-10 09:00:00',-10,0.93,179.28),(2,'2015-03-10 10:00:00',-4,0.48,38.11),(2,'2015-03-10 11:00:00',7,0.13,164.98),(2,'2015-03-10 12:00:00',7,0.07,113.34),(2,'2015-03-10 13:00:00',3,0.59,188.54),(2,'2015-03-10 14:00:00',8,0.83,182.58),(2,'2015-03-10 15:00:00',20,0.22,37.64),(2,'2015-03-10 16:00:00',18,0.37,62.50),(2,'2015-03-10 17:00:00',-2,0.70,55.29),(2,'2015-03-10 18:00:00',9,0.87,176.19),(2,'2015-03-10 19:00:00',3,0.33,67.52),(2,'2015-03-10 20:00:00',13,0.52,84.98),(2,'2015-03-10 21:00:00',8,0.16,116.62),(2,'2015-03-10 22:00:00',2,0.11,126.26),(2,'2015-03-10 23:00:00',20,0.43,118.94),(2,'2015-03-11 00:00:00',17,0.95,89.24),(2,'2015-03-11 01:00:00',20,0.89,47.87),(2,'2015-03-11 02:00:00',-9,0.45,150.29),(2,'2015-03-11 03:00:00',4,0.67,46.29),(2,'2015-03-11 04:00:00',8,0.95,185.65),(2,'2015-03-11 05:00:00',20,0.08,154.15),(2,'2015-03-11 06:00:00',19,0.44,42.01),(2,'2015-03-11 07:00:00',5,0.71,118.61),(2,'2015-03-11 08:00:00',13,0.98,78.30),(2,'2015-03-11 09:00:00',6,0.98,38.29),(2,'2015-03-11 10:00:00',3,0.77,42.54),(2,'2015-03-11 11:00:00',7,0.68,69.35),(2,'2015-03-11 12:00:00',13,0.03,147.71),(2,'2015-03-11 13:00:00',-4,0.88,177.77),(2,'2015-03-11 14:00:00',6,0.17,196.42),(2,'2015-03-11 15:00:00',-4,0.99,77.19),(2,'2015-03-11 16:00:00',1,0.36,107.79),(2,'2015-03-11 17:00:00',-10,0.93,37.65),(2,'2015-03-11 18:00:00',-7,0.98,62.91),(2,'2015-03-11 19:00:00',19,0.88,73.95),(2,'2015-03-11 20:00:00',-4,0.86,23.04),(2,'2015-03-11 21:00:00',-4,0.59,51.94),(2,'2015-03-11 22:00:00',14,0.09,93.89),(2,'2015-03-11 23:00:00',4,0.54,28.19),(2,'2015-03-12 00:00:00',8,0.12,77.49),(2,'2015-03-12 01:00:00',-4,0.23,77.93),(2,'2015-03-12 02:00:00',12,0.54,34.03),(2,'2015-03-12 03:00:00',17,0.13,106.62),(2,'2015-03-12 04:00:00',11,0.71,62.26),(2,'2015-03-12 05:00:00',-7,0.17,30.02),(2,'2015-03-12 06:00:00',-5,0.67,199.56),(2,'2015-03-12 07:00:00',-6,0.74,23.83),(2,'2015-03-12 08:00:00',13,0.98,154.77),(2,'2015-03-12 09:00:00',-2,0.37,195.47),(2,'2015-03-12 10:00:00',1,0.31,138.95),(2,'2015-03-12 11:00:00',19,0.33,187.78),(2,'2015-03-12 12:00:00',-3,0.55,66.28),(2,'2015-03-12 13:00:00',5,0.81,128.71),(2,'2015-03-12 14:00:00',11,0.01,196.23),(2,'2015-03-12 15:00:00',13,0.47,88.38),(2,'2015-03-12 16:00:00',19,0.67,183.29),(2,'2015-03-12 17:00:00',-8,0.41,70.35),(2,'2015-03-12 18:00:00',18,0.51,34.56),(2,'2015-03-12 19:00:00',-7,0.68,90.86),(2,'2015-03-12 20:00:00',0,0.39,164.22),(2,'2015-03-12 21:00:00',1,0.33,54.95),(2,'2015-03-12 22:00:00',7,0.33,87.14),(2,'2015-03-12 23:00:00',18,0.77,105.82),(2,'2015-03-13 00:00:00',4,0.68,107.46),(2,'2015-03-13 01:00:00',1,0.69,45.72),(2,'2015-03-13 02:00:00',13,0.33,46.41),(2,'2015-03-13 03:00:00',10,0.65,44.33),(2,'2015-03-13 04:00:00',11,0.33,155.89),(2,'2015-03-13 05:00:00',0,0.01,97.74),(2,'2015-03-13 06:00:00',2,0.26,129.05),(2,'2015-03-13 07:00:00',20,0.42,146.84),(2,'2015-03-13 08:00:00',0,0.15,112.75),(2,'2015-03-13 09:00:00',16,0.06,128.04),(2,'2015-03-13 10:00:00',0,0.01,189.39),(2,'2015-03-13 11:00:00',10,0.90,192.45),(2,'2015-03-13 12:00:00',-7,0.79,70.16),(2,'2015-03-13 13:00:00',5,0.93,175.40),(2,'2015-03-13 14:00:00',6,0.14,99.69),(2,'2015-03-13 15:00:00',5,0.97,25.01),(2,'2015-03-13 16:00:00',7,0.65,118.20),(2,'2015-03-13 17:00:00',-4,0.89,143.32),(2,'2015-03-13 18:00:00',-2,0.58,70.20),(2,'2015-03-13 19:00:00',-6,0.85,34.25),(2,'2015-03-13 20:00:00',11,0.94,89.44),(2,'2015-03-13 21:00:00',15,0.58,66.75),(2,'2015-03-13 22:00:00',-4,0.94,133.27),(2,'2015-03-13 23:00:00',8,0.37,57.73),(2,'2015-03-14 00:00:00',0,0.03,186.16),(2,'2015-03-14 01:00:00',11,0.63,164.48),(2,'2015-03-14 02:00:00',13,0.81,164.74),(2,'2015-03-14 03:00:00',17,0.41,119.40),(2,'2015-03-14 04:00:00',-2,0.46,84.01),(2,'2015-03-14 05:00:00',10,0.02,168.99),(2,'2015-03-14 06:00:00',-7,0.09,179.43),(2,'2015-03-14 07:00:00',1,0.15,130.62),(2,'2015-03-14 08:00:00',12,0.19,80.79),(2,'2015-03-14 09:00:00',20,0.09,47.40),(2,'2015-03-14 10:00:00',-5,0.66,81.19),(2,'2015-03-14 11:00:00',12,0.29,136.17),(2,'2015-03-14 12:00:00',15,0.63,156.91),(2,'2015-03-14 13:00:00',12,0.71,186.19),(2,'2015-03-14 14:00:00',-5,0.21,115.00),(2,'2015-03-14 15:00:00',1,0.83,197.19),(2,'2015-03-14 16:00:00',-2,0.35,54.13),(2,'2015-03-14 17:00:00',14,0.41,158.36),(2,'2015-03-14 18:00:00',15,0.29,130.06),(2,'2015-03-14 19:00:00',-4,0.59,185.44),(2,'2015-03-14 20:00:00',5,0.42,192.34),(2,'2015-03-14 21:00:00',-8,0.75,173.04),(2,'2015-03-14 22:00:00',5,0.52,171.31),(2,'2015-03-14 23:00:00',-8,0.02,128.78),(2,'2015-03-15 00:00:00',11,0.04,141.58),(2,'2015-03-15 01:00:00',3,0.38,87.99),(2,'2015-03-15 02:00:00',7,0.50,99.45),(2,'2015-03-15 03:00:00',-1,0.95,169.50),(2,'2015-03-15 04:00:00',0,0.18,46.26),(2,'2015-03-15 05:00:00',-2,0.33,156.99),(2,'2015-03-15 06:00:00',19,0.51,137.98),(2,'2015-03-15 07:00:00',-2,0.70,44.58),(2,'2015-03-15 08:00:00',0,0.63,163.91),(2,'2015-03-15 09:00:00',11,0.26,133.65),(2,'2015-03-15 10:00:00',-7,0.49,183.66),(2,'2015-03-15 11:00:00',5,0.43,142.45),(2,'2015-03-15 12:00:00',14,0.26,157.05),(2,'2015-03-15 13:00:00',18,0.34,134.24),(2,'2015-03-15 14:00:00',6,0.82,100.12),(2,'2015-03-15 15:00:00',-4,0.50,39.57),(2,'2015-03-15 16:00:00',7,0.10,99.93),(2,'2015-03-15 17:00:00',18,0.97,110.31),(2,'2015-03-15 18:00:00',17,0.83,93.99),(2,'2015-03-15 19:00:00',9,0.04,20.82),(2,'2015-03-15 20:00:00',-2,0.26,80.71),(2,'2015-03-15 21:00:00',4,0.71,135.88),(2,'2015-03-15 22:00:00',-6,0.98,139.28),(2,'2015-03-15 23:00:00',11,0.02,119.54),(2,'2015-03-16 00:00:00',4,0.81,114.52),(2,'2015-03-16 01:00:00',2,0.99,166.67),(2,'2015-03-16 02:00:00',3,0.66,156.16),(2,'2015-03-16 03:00:00',4,0.10,95.70),(2,'2015-03-16 04:00:00',-2,0.33,156.30),(2,'2015-03-16 05:00:00',5,0.08,128.95),(2,'2015-03-16 06:00:00',1,0.67,105.47),(2,'2015-03-16 07:00:00',20,0.75,120.69),(2,'2015-03-16 08:00:00',14,0.90,20.99),(2,'2015-03-16 09:00:00',9,0.03,196.63),(2,'2015-03-16 10:00:00',7,0.37,63.00),(2,'2015-03-16 11:00:00',-9,0.53,68.06),(2,'2015-03-16 12:00:00',6,0.34,113.07),(2,'2015-03-16 13:00:00',13,0.76,192.13),(2,'2015-03-16 14:00:00',-8,0.96,97.78),(2,'2015-03-16 15:00:00',13,0.59,130.64),(2,'2015-03-16 16:00:00',18,0.83,77.47),(2,'2015-03-16 17:00:00',15,0.49,21.21),(2,'2015-03-16 18:00:00',-10,0.41,46.72),(2,'2015-03-16 19:00:00',15,0.72,108.95),(2,'2015-03-16 20:00:00',16,1.00,131.33),(2,'2015-03-16 21:00:00',-2,0.34,81.75),(2,'2015-03-16 22:00:00',14,0.97,128.16),(2,'2015-03-16 23:00:00',3,0.84,64.85),(2,'2015-03-17 00:00:00',13,0.92,52.82),(2,'2015-03-17 01:00:00',13,0.70,21.59),(2,'2015-03-17 02:00:00',-8,0.41,55.89),(2,'2015-03-17 03:00:00',8,0.05,112.35),(2,'2015-03-17 04:00:00',0,0.30,142.79),(2,'2015-03-17 05:00:00',14,0.72,64.04),(2,'2015-03-17 06:00:00',11,0.64,63.50),(2,'2015-03-17 07:00:00',3,0.50,143.50),(2,'2015-03-17 08:00:00',6,0.25,24.68),(2,'2015-03-17 09:00:00',-10,0.32,23.83),(2,'2015-03-17 10:00:00',17,0.15,164.96),(2,'2015-03-17 11:00:00',-8,0.94,155.12),(2,'2015-03-17 12:00:00',10,0.14,178.15),(2,'2015-03-17 13:00:00',2,0.36,171.96),(2,'2015-03-17 14:00:00',-10,0.43,156.77),(2,'2015-03-17 15:00:00',-10,0.78,188.39),(2,'2015-03-17 16:00:00',5,0.27,168.02),(2,'2015-03-17 17:00:00',14,0.92,126.13),(2,'2015-03-17 18:00:00',9,0.20,83.96),(2,'2015-03-17 19:00:00',16,0.28,53.16),(2,'2015-03-17 20:00:00',15,0.93,70.60),(2,'2015-03-17 21:00:00',16,0.78,105.99),(2,'2015-03-17 22:00:00',-10,0.06,45.28),(2,'2015-03-17 23:00:00',7,0.26,85.57),(2,'2015-03-18 00:00:00',2,0.92,119.44),(2,'2015-03-18 01:00:00',11,0.24,68.35),(2,'2015-03-18 02:00:00',-2,0.85,23.75),(2,'2015-03-18 03:00:00',0,0.43,100.05),(2,'2015-03-18 04:00:00',9,0.32,38.53),(2,'2015-03-18 05:00:00',-7,0.49,124.99),(2,'2015-03-18 06:00:00',2,0.26,80.78),(2,'2015-03-18 07:00:00',-7,0.48,132.88),(2,'2015-03-18 08:00:00',-7,0.10,28.55),(2,'2015-03-18 09:00:00',-1,0.13,86.16),(2,'2015-03-18 10:00:00',8,0.33,157.30),(2,'2015-03-18 11:00:00',2,0.12,83.93),(2,'2015-03-18 12:00:00',-6,0.80,199.52),(2,'2015-03-18 13:00:00',4,0.06,186.94),(2,'2015-03-18 14:00:00',14,0.79,54.93),(2,'2015-03-18 15:00:00',-6,0.57,120.00),(2,'2015-03-18 16:00:00',-4,0.30,76.24),(2,'2015-03-18 17:00:00',10,0.26,112.92),(2,'2015-03-18 18:00:00',2,0.46,33.98),(2,'2015-03-18 19:00:00',7,0.21,197.37),(2,'2015-03-18 20:00:00',5,0.10,170.51),(2,'2015-03-18 21:00:00',2,0.29,157.98),(2,'2015-03-18 22:00:00',17,0.61,134.81),(2,'2015-03-18 23:00:00',1,0.48,86.60),(2,'2015-03-19 00:00:00',-7,0.66,181.56),(2,'2015-03-19 01:00:00',15,0.26,174.83),(2,'2015-03-19 02:00:00',-10,0.49,117.55),(2,'2015-03-19 03:00:00',-3,0.42,22.24),(2,'2015-03-19 04:00:00',3,0.87,133.14),(2,'2015-03-19 05:00:00',-3,0.04,20.35),(2,'2015-03-19 06:00:00',2,0.09,115.61),(2,'2015-03-19 07:00:00',10,0.62,184.92),(2,'2015-03-19 08:00:00',-7,0.02,31.85),(2,'2015-03-19 09:00:00',7,0.39,52.08),(2,'2015-03-19 10:00:00',-2,0.98,167.62),(2,'2015-03-19 11:00:00',-2,0.05,110.36),(2,'2015-03-19 12:00:00',8,0.12,99.30),(2,'2015-03-19 13:00:00',-2,0.62,88.00),(2,'2015-03-19 14:00:00',-3,0.79,21.56),(2,'2015-03-19 15:00:00',-4,0.07,32.77),(2,'2015-03-19 16:00:00',12,0.42,173.42),(2,'2015-03-19 17:00:00',-9,0.94,173.25),(2,'2015-03-19 18:00:00',18,0.18,69.78),(2,'2015-03-19 19:00:00',-4,0.10,169.62),(2,'2015-03-19 20:00:00',1,0.15,76.35),(2,'2015-03-19 21:00:00',10,0.03,193.33),(2,'2015-03-19 22:00:00',6,0.78,141.14),(2,'2015-03-19 23:00:00',-5,0.98,34.21),(2,'2015-03-20 00:00:00',7,0.02,31.76),(2,'2015-03-20 01:00:00',17,0.69,77.73),(2,'2015-03-20 02:00:00',18,0.24,197.97),(2,'2015-03-20 03:00:00',-3,0.63,61.37),(2,'2015-03-20 04:00:00',-1,0.67,145.58),(2,'2015-03-20 05:00:00',-4,0.90,121.90),(2,'2015-03-20 06:00:00',16,0.86,71.80),(2,'2015-03-20 07:00:00',14,0.84,167.61),(2,'2015-03-20 08:00:00',13,0.40,148.23),(2,'2015-03-20 09:00:00',6,0.08,135.04),(2,'2015-03-20 10:00:00',6,0.55,120.35),(2,'2015-03-20 11:00:00',0,0.27,79.32),(2,'2015-03-20 12:00:00',-5,0.77,32.62),(2,'2015-03-20 13:00:00',20,0.97,21.34),(2,'2015-03-20 14:00:00',0,0.60,59.60),(2,'2015-03-20 15:00:00',17,0.73,110.33),(2,'2015-03-20 16:00:00',0,0.36,161.86),(2,'2015-03-20 17:00:00',0,0.37,151.23),(2,'2015-03-20 18:00:00',-7,0.82,143.69),(2,'2015-03-20 19:00:00',2,0.12,79.44),(2,'2015-03-20 20:00:00',10,0.32,107.30),(2,'2015-03-20 21:00:00',-6,0.69,129.65),(2,'2015-03-20 22:00:00',16,0.15,35.35),(2,'2015-03-20 23:00:00',14,0.29,98.90),(2,'2015-03-21 00:00:00',-1,0.51,185.23),(2,'2015-03-21 01:00:00',-10,0.44,199.63),(2,'2015-03-21 02:00:00',16,0.46,123.97),(2,'2015-03-21 03:00:00',9,0.64,100.37),(2,'2015-03-21 04:00:00',2,0.03,71.37),(2,'2015-03-21 05:00:00',3,0.64,120.24),(2,'2015-03-21 06:00:00',-8,0.82,33.49),(2,'2015-03-21 07:00:00',6,0.01,97.36),(2,'2015-03-21 08:00:00',0,0.65,78.72),(2,'2015-03-21 09:00:00',14,0.58,179.02),(2,'2015-03-21 10:00:00',8,0.15,59.87),(2,'2015-03-21 11:00:00',14,0.89,49.42),(2,'2015-03-21 12:00:00',1,0.28,81.69),(2,'2015-03-21 13:00:00',19,0.15,193.55),(2,'2015-03-21 14:00:00',3,0.12,188.41),(2,'2015-03-21 15:00:00',6,0.19,185.90),(2,'2015-03-21 16:00:00',20,0.71,61.61),(2,'2015-03-21 17:00:00',-2,0.26,64.23),(2,'2015-03-21 18:00:00',10,0.03,136.16),(2,'2015-03-21 19:00:00',-4,0.16,85.21),(2,'2015-03-21 20:00:00',4,0.92,118.35),(2,'2015-03-21 21:00:00',-10,0.35,128.33),(2,'2015-03-21 22:00:00',-8,0.02,183.22),(2,'2015-03-21 23:00:00',20,0.59,67.24),(2,'2015-03-22 00:00:00',-10,0.59,155.78),(2,'2015-03-22 01:00:00',0,0.92,72.45),(2,'2015-03-22 02:00:00',-10,0.64,150.34),(2,'2015-03-22 03:00:00',-8,0.92,56.29),(2,'2015-03-22 04:00:00',17,0.17,20.58),(2,'2015-03-22 05:00:00',1,0.58,182.90),(2,'2015-03-22 06:00:00',-3,0.43,113.72),(2,'2015-03-22 07:00:00',2,0.46,194.64),(2,'2015-03-22 08:00:00',-2,0.00,73.53),(2,'2015-03-22 09:00:00',-6,0.45,179.06),(2,'2015-03-22 10:00:00',11,0.88,119.97),(2,'2015-03-22 11:00:00',-7,0.32,126.48),(2,'2015-03-22 12:00:00',14,0.32,109.21),(2,'2015-03-22 13:00:00',9,0.94,77.67),(2,'2015-03-22 14:00:00',20,0.27,47.86),(2,'2015-03-22 15:00:00',2,0.53,130.69),(2,'2015-03-22 16:00:00',18,0.72,46.55),(2,'2015-03-22 17:00:00',-8,0.18,185.73),(2,'2015-03-22 18:00:00',16,0.66,20.90),(2,'2015-03-22 19:00:00',13,0.64,53.52),(2,'2015-03-22 20:00:00',18,0.19,183.15),(2,'2015-03-22 21:00:00',19,0.84,81.84),(2,'2015-03-22 22:00:00',5,0.34,197.36),(2,'2015-03-22 23:00:00',5,0.86,40.79),(2,'2015-03-23 00:00:00',14,0.69,107.74),(2,'2015-03-23 01:00:00',16,0.38,81.80),(2,'2015-03-23 02:00:00',3,0.69,183.29),(2,'2015-03-23 03:00:00',-9,0.29,116.58),(2,'2015-03-23 04:00:00',1,0.83,133.83),(2,'2015-03-23 05:00:00',-7,0.29,165.37),(2,'2015-03-23 06:00:00',13,0.81,167.01),(2,'2015-03-23 07:00:00',20,0.99,149.50),(2,'2015-03-23 08:00:00',1,0.28,196.40),(2,'2015-03-23 09:00:00',13,0.84,157.86),(2,'2015-03-23 10:00:00',-4,0.85,72.75),(2,'2015-03-23 11:00:00',17,0.38,69.29),(2,'2015-03-23 12:00:00',20,0.32,180.97),(2,'2015-03-23 13:00:00',14,0.75,72.20),(2,'2015-03-23 14:00:00',-8,0.32,122.11),(2,'2015-03-23 15:00:00',2,0.63,64.32),(2,'2015-03-23 16:00:00',11,0.18,178.94),(2,'2015-03-23 17:00:00',-7,0.05,47.72),(2,'2015-03-23 18:00:00',16,0.19,76.35),(2,'2015-03-23 19:00:00',20,0.18,108.29),(2,'2015-03-23 20:00:00',19,0.07,188.79),(2,'2015-03-23 21:00:00',-9,0.12,79.85),(2,'2015-03-23 22:00:00',13,0.92,121.44),(2,'2015-03-23 23:00:00',-2,0.34,108.97),(2,'2015-03-24 00:00:00',-9,0.08,40.01),(2,'2015-03-24 01:00:00',17,0.71,196.72),(2,'2015-03-24 02:00:00',7,0.19,191.62),(2,'2015-03-24 03:00:00',12,0.92,25.61),(2,'2015-03-24 04:00:00',7,0.84,163.39),(2,'2015-03-24 05:00:00',-6,0.21,154.55),(2,'2015-03-24 06:00:00',3,0.04,154.83),(2,'2015-03-24 07:00:00',3,0.44,119.78),(2,'2015-03-24 08:00:00',17,1.00,180.44),(2,'2015-03-24 09:00:00',11,0.72,80.26),(2,'2015-03-24 10:00:00',10,0.29,157.78),(2,'2015-03-24 11:00:00',17,0.31,188.32),(2,'2015-03-24 12:00:00',5,0.27,115.77),(2,'2015-03-24 13:00:00',16,0.76,187.63),(2,'2015-03-24 14:00:00',12,0.45,33.91),(2,'2015-03-24 15:00:00',-5,0.94,190.94),(2,'2015-03-24 16:00:00',7,0.99,154.92),(2,'2015-03-24 17:00:00',-8,0.01,76.73),(2,'2015-03-24 18:00:00',-6,0.30,106.33),(2,'2015-03-24 19:00:00',-10,0.24,57.57),(2,'2015-03-24 20:00:00',4,0.51,89.52),(2,'2015-03-24 21:00:00',17,0.45,199.90),(2,'2015-03-24 22:00:00',14,0.34,42.86),(2,'2015-03-24 23:00:00',-7,0.06,116.40),(2,'2015-03-25 00:00:00',-9,0.47,43.90),(2,'2015-03-25 01:00:00',8,0.37,76.85),(2,'2015-03-25 02:00:00',8,0.48,92.92),(2,'2015-03-25 03:00:00',8,0.15,38.78),(2,'2015-03-25 04:00:00',1,0.66,89.52),(2,'2015-03-25 05:00:00',-2,0.92,164.52),(2,'2015-03-25 06:00:00',-4,0.90,172.67),(2,'2015-03-25 07:00:00',7,0.57,62.84),(2,'2015-03-25 08:00:00',4,0.67,124.38),(2,'2015-03-25 09:00:00',11,0.38,73.03),(2,'2015-03-25 10:00:00',4,0.11,104.14),(2,'2015-03-25 11:00:00',-3,0.61,49.16),(2,'2015-03-25 12:00:00',5,0.33,43.72),(2,'2015-03-25 13:00:00',10,0.62,121.33),(2,'2015-03-25 14:00:00',10,0.00,143.47),(2,'2015-03-25 15:00:00',-1,0.66,107.55),(2,'2015-03-25 16:00:00',8,0.80,195.38),(2,'2015-03-25 17:00:00',15,0.91,187.90),(2,'2015-03-25 18:00:00',12,0.69,149.26),(2,'2015-03-25 19:00:00',12,0.86,33.78),(2,'2015-03-25 20:00:00',3,0.44,197.87),(2,'2015-03-25 21:00:00',18,0.48,127.21),(2,'2015-03-25 22:00:00',2,0.31,34.53),(2,'2015-03-25 23:00:00',10,0.63,111.73),(2,'2015-03-26 00:00:00',6,0.36,139.16),(2,'2015-03-26 01:00:00',1,0.27,56.72),(2,'2015-03-26 02:00:00',5,0.51,39.25),(2,'2015-03-26 03:00:00',7,0.31,172.84),(2,'2015-03-26 04:00:00',3,0.49,61.68),(2,'2015-03-26 05:00:00',-10,0.07,63.14),(2,'2015-03-26 06:00:00',15,0.47,157.37),(2,'2015-03-26 07:00:00',3,0.12,184.42),(2,'2015-03-26 08:00:00',9,0.68,89.40),(2,'2015-03-26 09:00:00',-8,0.21,177.56),(2,'2015-03-26 10:00:00',-3,0.76,134.01),(2,'2015-03-26 11:00:00',11,0.68,172.13),(2,'2015-03-26 12:00:00',-2,0.47,89.16),(2,'2015-03-26 13:00:00',4,0.02,87.01),(2,'2015-03-26 14:00:00',19,0.15,191.53),(2,'2015-03-26 15:00:00',-2,0.78,144.72),(2,'2015-03-26 16:00:00',5,0.16,57.89),(2,'2015-03-26 17:00:00',-7,0.19,35.47),(2,'2015-03-26 18:00:00',0,0.20,156.18),(2,'2015-03-26 19:00:00',-6,0.52,163.30),(2,'2015-03-26 20:00:00',5,0.29,32.06),(2,'2015-03-26 21:00:00',16,0.26,84.39),(2,'2015-03-26 22:00:00',20,0.46,38.91),(2,'2015-03-26 23:00:00',15,0.13,197.93),(2,'2015-03-27 00:00:00',10,0.55,33.94),(2,'2015-03-27 01:00:00',14,0.57,142.14),(2,'2015-03-27 02:00:00',11,0.87,123.75),(2,'2015-03-27 03:00:00',2,0.32,189.97),(2,'2015-03-27 04:00:00',19,0.04,171.65),(2,'2015-03-27 05:00:00',7,0.36,39.63),(2,'2015-03-27 06:00:00',-4,0.63,153.62),(2,'2015-03-27 07:00:00',-4,0.19,22.03),(2,'2015-03-27 08:00:00',15,0.24,145.77),(2,'2015-03-27 09:00:00',18,0.86,28.06),(2,'2015-03-27 10:00:00',-1,0.58,123.00),(2,'2015-03-27 11:00:00',-10,0.76,186.57),(2,'2015-03-27 12:00:00',-8,0.55,175.36),(2,'2015-03-27 13:00:00',11,0.56,109.23),(2,'2015-03-27 14:00:00',0,0.83,64.13),(2,'2015-03-27 15:00:00',1,0.34,153.78),(2,'2015-03-27 16:00:00',-3,0.09,166.79),(2,'2015-03-27 17:00:00',-6,0.68,71.10),(2,'2015-03-27 18:00:00',-3,0.47,38.47),(2,'2015-03-27 19:00:00',6,0.04,49.26),(2,'2015-03-27 20:00:00',4,0.35,137.01),(2,'2015-03-27 21:00:00',-8,0.76,75.52),(2,'2015-03-27 22:00:00',-9,0.38,59.65),(2,'2015-03-27 23:00:00',-10,0.53,124.23),(2,'2015-03-28 00:00:00',4,0.66,85.66),(2,'2015-03-28 01:00:00',4,0.90,123.30),(2,'2015-03-28 02:00:00',19,0.24,32.73),(2,'2015-03-28 03:00:00',-9,0.58,52.48),(2,'2015-03-28 04:00:00',3,0.40,105.22),(2,'2015-03-28 05:00:00',-8,0.42,166.61),(2,'2015-03-28 06:00:00',17,0.40,141.30),(2,'2015-03-28 07:00:00',-4,0.77,31.48),(2,'2015-03-28 08:00:00',18,0.78,125.04),(2,'2015-03-28 09:00:00',2,0.55,178.37),(2,'2015-03-28 10:00:00',-7,0.46,130.86),(2,'2015-03-28 11:00:00',11,0.97,83.71),(2,'2015-03-28 12:00:00',8,0.86,28.61),(2,'2015-03-28 13:00:00',0,0.46,104.19),(2,'2015-03-28 14:00:00',0,0.73,114.14),(2,'2015-03-28 15:00:00',2,0.98,198.53),(2,'2015-03-28 16:00:00',-1,0.36,75.98),(2,'2015-03-28 17:00:00',17,0.51,110.56),(2,'2015-03-28 18:00:00',5,0.39,117.97),(2,'2015-03-28 19:00:00',-9,0.52,182.20),(2,'2015-03-28 20:00:00',8,0.29,143.30),(2,'2015-03-28 21:00:00',-8,0.70,124.01),(2,'2015-03-28 22:00:00',17,0.94,170.64),(2,'2015-03-28 23:00:00',14,0.20,128.43),(2,'2015-03-29 00:00:00',-4,0.70,101.93),(2,'2015-03-29 01:00:00',-5,0.72,85.66),(2,'2015-03-29 02:00:00',8,0.33,182.78),(2,'2015-03-29 03:00:00',17,0.12,93.90),(2,'2015-03-29 04:00:00',16,0.56,175.43),(2,'2015-03-29 05:00:00',13,0.07,169.77),(2,'2015-03-29 06:00:00',2,0.47,133.39),(2,'2015-03-29 07:00:00',17,0.48,78.31),(2,'2015-03-29 08:00:00',-8,0.71,83.41),(2,'2015-03-29 09:00:00',7,0.59,184.35),(2,'2015-03-29 10:00:00',-2,0.28,94.77),(2,'2015-03-29 11:00:00',1,0.31,47.30),(2,'2015-03-29 12:00:00',5,0.57,91.28),(2,'2015-03-29 13:00:00',1,0.83,74.67),(2,'2015-03-29 14:00:00',6,0.37,134.94),(2,'2015-03-29 15:00:00',9,0.65,43.32),(2,'2015-03-29 16:00:00',1,0.44,65.43),(2,'2015-03-29 17:00:00',11,0.21,115.17),(2,'2015-03-29 18:00:00',17,0.27,108.90),(2,'2015-03-29 19:00:00',9,0.14,188.32),(2,'2015-03-29 20:00:00',17,0.82,152.27),(2,'2015-03-29 21:00:00',-4,0.58,139.06),(2,'2015-03-29 22:00:00',10,0.27,194.02),(2,'2015-03-29 23:00:00',12,0.38,41.35),(2,'2015-03-30 00:00:00',13,0.57,55.91),(2,'2015-03-30 01:00:00',-10,0.86,161.75),(2,'2015-03-30 02:00:00',0,0.07,29.86),(2,'2015-03-30 03:00:00',0,0.55,60.51),(2,'2015-03-30 04:00:00',13,0.05,163.34),(2,'2015-03-30 05:00:00',5,0.35,114.94),(2,'2015-03-30 06:00:00',3,0.63,27.40),(2,'2015-03-30 07:00:00',13,0.27,86.23),(2,'2015-03-30 08:00:00',1,0.39,58.04),(2,'2015-03-30 09:00:00',12,0.59,34.40),(2,'2015-03-30 10:00:00',17,0.40,83.98),(2,'2015-03-30 11:00:00',3,0.77,58.42),(2,'2015-03-30 12:00:00',0,0.89,34.18),(2,'2015-03-30 13:00:00',-4,0.23,67.17),(2,'2015-03-30 14:00:00',10,0.61,45.49),(2,'2015-03-30 15:00:00',-7,0.03,189.40),(2,'2015-03-30 16:00:00',12,0.56,57.50),(2,'2015-03-30 17:00:00',10,0.43,188.22),(2,'2015-03-30 18:00:00',-5,0.17,164.84),(2,'2015-03-30 19:00:00',-10,0.64,137.32),(2,'2015-03-30 20:00:00',16,0.66,159.17),(2,'2015-03-30 21:00:00',16,0.51,78.52),(2,'2015-03-30 22:00:00',-8,0.75,197.43),(2,'2015-03-30 23:00:00',2,0.08,77.06),(2,'2015-03-31 00:00:00',12,0.23,63.14),(2,'2015-03-31 01:00:00',-6,0.07,21.07),(2,'2015-03-31 02:00:00',18,0.35,44.16),(2,'2015-03-31 03:00:00',-1,0.80,26.44),(2,'2015-03-31 04:00:00',15,0.72,107.07),(2,'2015-03-31 05:00:00',6,0.23,111.17),(2,'2015-03-31 06:00:00',-8,0.46,152.08),(2,'2015-03-31 07:00:00',-4,0.47,54.94),(2,'2015-03-31 08:00:00',-3,0.55,195.15),(2,'2015-03-31 09:00:00',13,0.11,113.79),(2,'2015-03-31 10:00:00',13,0.76,74.72),(2,'2015-03-31 11:00:00',13,0.50,96.61),(2,'2015-03-31 12:00:00',10,0.19,191.57),(2,'2015-03-31 13:00:00',-1,0.01,105.93),(2,'2015-03-31 14:00:00',1,0.70,130.90),(2,'2015-03-31 15:00:00',3,0.76,143.83),(2,'2015-03-31 16:00:00',-10,0.92,102.70),(2,'2015-03-31 17:00:00',-2,0.30,76.96),(2,'2015-03-31 18:00:00',-2,0.08,50.96),(2,'2015-03-31 19:00:00',-10,0.80,144.59),(2,'2015-03-31 20:00:00',5,0.65,116.58),(2,'2015-03-31 21:00:00',3,0.80,51.54),(2,'2015-03-31 22:00:00',5,0.38,70.19),(2,'2015-03-31 23:00:00',9,0.72,105.36),(2,'2015-04-01 00:00:00',-5,0.53,45.40),(2,'2015-04-01 01:00:00',20,0.91,157.69),(2,'2015-04-01 02:00:00',0,0.80,118.73),(2,'2015-04-01 03:00:00',-7,0.34,186.42),(2,'2015-04-01 04:00:00',6,0.90,161.50),(2,'2015-04-01 05:00:00',19,0.76,30.04),(2,'2015-04-01 06:00:00',9,0.21,72.14),(2,'2015-04-01 07:00:00',-10,0.10,63.30),(2,'2015-04-01 08:00:00',7,0.42,137.62),(2,'2015-04-01 09:00:00',3,0.15,133.10),(2,'2015-04-01 10:00:00',7,0.56,37.96),(2,'2015-04-01 11:00:00',0,0.63,26.31),(2,'2015-04-01 12:00:00',18,0.33,107.08),(2,'2015-04-01 13:00:00',6,0.31,103.92),(2,'2015-04-01 14:00:00',19,0.57,113.89),(2,'2015-04-01 15:00:00',20,0.05,162.16),(2,'2015-04-01 16:00:00',-6,0.91,99.28),(2,'2015-04-01 17:00:00',9,0.17,56.18),(2,'2015-04-01 18:00:00',12,1.00,52.79),(2,'2015-04-01 19:00:00',-5,0.95,135.66),(2,'2015-04-01 20:00:00',18,0.64,82.63),(2,'2015-04-01 21:00:00',-6,0.15,89.60),(2,'2015-04-01 22:00:00',1,0.13,100.84),(2,'2015-04-01 23:00:00',6,0.36,173.62),(2,'2015-04-02 00:00:00',8,0.42,46.65),(2,'2015-04-02 01:00:00',18,0.42,103.90),(2,'2015-04-02 02:00:00',13,0.66,104.11),(2,'2015-04-02 03:00:00',-10,0.54,25.44),(2,'2015-04-02 04:00:00',11,0.91,136.71),(2,'2015-04-02 05:00:00',16,0.12,29.61),(2,'2015-04-02 06:00:00',6,0.46,100.57),(2,'2015-04-02 07:00:00',12,0.21,169.63),(2,'2015-04-02 08:00:00',20,0.18,128.48),(2,'2015-04-02 09:00:00',6,0.19,40.90),(2,'2015-04-02 10:00:00',8,0.19,88.97),(2,'2015-04-02 11:00:00',19,0.73,76.81),(2,'2015-04-02 12:00:00',6,0.71,71.11),(2,'2015-04-02 13:00:00',-7,0.39,134.92),(2,'2015-04-02 14:00:00',1,0.41,134.24),(2,'2015-04-02 15:00:00',18,0.23,174.19),(2,'2015-04-02 16:00:00',10,0.81,99.67),(2,'2015-04-02 17:00:00',-7,0.83,79.60),(2,'2015-04-02 18:00:00',18,0.95,159.83),(2,'2015-04-02 19:00:00',-8,0.13,77.73),(2,'2015-04-02 20:00:00',-9,0.23,40.33),(2,'2015-04-02 21:00:00',18,0.75,132.52),(2,'2015-04-02 22:00:00',10,0.69,93.27),(2,'2015-04-02 23:00:00',7,0.66,75.91),(2,'2015-04-03 00:00:00',5,0.67,156.11),(2,'2015-04-03 01:00:00',18,0.60,189.47),(2,'2015-04-03 02:00:00',0,0.16,154.92),(2,'2015-04-03 03:00:00',15,0.23,134.56),(2,'2015-04-03 04:00:00',-8,0.39,20.64),(2,'2015-04-03 05:00:00',12,0.71,150.92),(2,'2015-04-03 06:00:00',1,0.20,144.72),(2,'2015-04-03 07:00:00',10,0.61,22.63),(2,'2015-04-03 08:00:00',-1,0.71,85.49),(2,'2015-04-03 09:00:00',-10,0.86,108.11),(2,'2015-04-03 10:00:00',-4,0.09,46.65),(2,'2015-04-03 11:00:00',18,0.68,63.22),(2,'2015-04-03 12:00:00',2,0.87,181.62),(2,'2015-04-03 13:00:00',18,0.67,54.43),(2,'2015-04-03 14:00:00',13,0.84,49.76),(2,'2015-04-03 15:00:00',10,0.41,81.08),(2,'2015-04-03 16:00:00',-8,0.62,170.44),(2,'2015-04-03 17:00:00',11,0.95,35.98),(2,'2015-04-03 18:00:00',9,0.31,174.91),(2,'2015-04-03 19:00:00',2,0.41,119.56),(2,'2015-04-03 20:00:00',-7,0.26,66.23),(2,'2015-04-03 21:00:00',4,0.76,164.66),(2,'2015-04-03 22:00:00',16,0.20,168.15),(2,'2015-04-03 23:00:00',8,0.30,129.86),(2,'2015-04-04 00:00:00',3,0.16,157.85),(2,'2015-04-04 01:00:00',-7,0.82,141.37),(2,'2015-04-04 02:00:00',-7,0.78,191.70),(2,'2015-04-04 03:00:00',-6,0.09,192.90),(2,'2015-04-04 04:00:00',-5,0.07,46.16),(2,'2015-04-04 05:00:00',-2,0.03,161.07),(2,'2015-04-04 06:00:00',10,0.95,182.06),(2,'2015-04-04 07:00:00',0,0.44,58.92),(2,'2015-04-04 08:00:00',17,1.00,131.89),(2,'2015-04-04 09:00:00',0,0.85,39.42),(2,'2015-04-04 10:00:00',12,0.93,104.33),(2,'2015-04-04 11:00:00',2,0.61,26.11),(2,'2015-04-04 12:00:00',15,0.69,126.88),(2,'2015-04-04 13:00:00',0,0.90,134.88),(2,'2015-04-04 14:00:00',-9,0.25,55.85),(2,'2015-04-04 15:00:00',-2,0.54,63.51),(2,'2015-04-04 16:00:00',18,0.36,88.44),(2,'2015-04-04 17:00:00',16,0.63,145.95),(2,'2015-04-04 18:00:00',2,0.10,142.22),(2,'2015-04-04 19:00:00',6,0.17,83.84),(2,'2015-04-04 20:00:00',-5,0.61,68.05),(2,'2015-04-04 21:00:00',0,0.12,191.26),(2,'2015-04-04 22:00:00',14,0.59,140.08),(2,'2015-04-04 23:00:00',-10,0.92,155.30),(2,'2015-04-05 00:00:00',19,0.67,115.35),(2,'2015-04-05 01:00:00',6,0.30,113.66),(2,'2015-04-05 02:00:00',19,0.33,46.42),(2,'2015-04-05 03:00:00',16,0.54,130.05),(2,'2015-04-05 04:00:00',-5,0.18,31.46),(2,'2015-04-05 05:00:00',20,0.93,53.15),(2,'2015-04-05 06:00:00',1,0.82,197.89),(2,'2015-04-05 07:00:00',8,0.98,24.85),(2,'2015-04-05 08:00:00',20,0.26,92.92),(2,'2015-04-05 09:00:00',-6,0.17,146.23),(2,'2015-04-05 10:00:00',8,0.99,87.83),(2,'2015-04-05 11:00:00',10,0.49,129.49),(2,'2015-04-05 12:00:00',9,0.28,175.89),(2,'2015-04-05 13:00:00',1,0.85,70.62),(2,'2015-04-05 14:00:00',12,0.88,164.48),(2,'2015-04-05 15:00:00',19,0.70,93.36),(2,'2015-04-05 16:00:00',-2,0.21,68.30),(2,'2015-04-05 17:00:00',7,0.73,187.38),(2,'2015-04-05 18:00:00',9,0.83,76.08),(2,'2015-04-05 19:00:00',6,0.47,111.19),(2,'2015-04-05 20:00:00',8,0.48,107.95),(2,'2015-04-05 21:00:00',13,0.76,35.80),(2,'2015-04-05 22:00:00',4,0.61,81.57),(2,'2015-04-05 23:00:00',19,0.54,173.40),(2,'2015-04-06 00:00:00',19,0.25,147.86),(2,'2015-04-06 01:00:00',20,0.68,154.53),(2,'2015-04-06 02:00:00',-4,0.87,111.85),(2,'2015-04-06 03:00:00',-8,0.34,187.99),(2,'2015-04-06 04:00:00',5,0.89,156.90),(2,'2015-04-06 05:00:00',16,0.77,197.33),(2,'2015-04-06 06:00:00',4,0.27,26.90),(2,'2015-04-06 07:00:00',11,0.76,158.51),(2,'2015-04-06 08:00:00',20,0.35,99.20),(2,'2015-04-06 09:00:00',-1,0.92,187.06),(2,'2015-04-06 10:00:00',3,0.54,116.30),(2,'2015-04-06 11:00:00',8,0.56,131.76),(2,'2015-04-06 12:00:00',18,0.59,47.76),(2,'2015-04-06 13:00:00',-3,0.85,155.30),(2,'2015-04-06 14:00:00',-8,0.66,137.65),(2,'2015-04-06 15:00:00',-10,0.66,60.58),(2,'2015-04-06 16:00:00',19,0.67,159.72),(2,'2015-04-06 17:00:00',1,0.53,126.39),(2,'2015-04-06 18:00:00',16,0.55,71.43),(2,'2015-04-06 19:00:00',-2,0.20,140.25),(2,'2015-04-06 20:00:00',8,0.63,57.46),(2,'2015-04-06 21:00:00',18,0.75,53.40),(2,'2015-04-06 22:00:00',6,0.63,176.55),(2,'2015-04-06 23:00:00',18,0.72,192.07),(2,'2015-04-07 00:00:00',9,0.25,140.66),(2,'2015-04-07 01:00:00',13,0.92,87.24),(2,'2015-04-07 02:00:00',20,0.24,122.95),(2,'2015-04-07 03:00:00',-2,1.00,106.40),(2,'2015-04-07 04:00:00',15,0.95,120.42),(2,'2015-04-07 05:00:00',17,0.96,140.76),(2,'2015-04-07 06:00:00',13,0.74,82.90),(2,'2015-04-07 07:00:00',11,0.99,156.30),(2,'2015-04-07 08:00:00',-10,0.07,190.80),(2,'2015-04-07 09:00:00',20,0.13,184.68),(2,'2015-04-07 10:00:00',17,0.05,123.74),(2,'2015-04-07 11:00:00',0,0.48,137.00),(2,'2015-04-07 12:00:00',12,0.74,63.05),(2,'2015-04-07 13:00:00',18,0.75,47.09),(2,'2015-04-07 14:00:00',16,0.51,57.74),(2,'2015-04-07 15:00:00',1,0.19,35.25),(2,'2015-04-07 16:00:00',-8,0.12,162.25),(2,'2015-04-07 17:00:00',10,0.23,52.80),(2,'2015-04-07 18:00:00',18,0.20,121.96),(2,'2015-04-07 19:00:00',18,0.45,130.04),(2,'2015-04-07 20:00:00',5,0.86,37.48),(2,'2015-04-07 21:00:00',11,0.80,78.29),(2,'2015-04-07 22:00:00',10,0.77,38.13),(2,'2015-04-07 23:00:00',-2,0.65,145.80),(2,'2015-04-08 00:00:00',1,0.74,80.43),(2,'2015-04-08 01:00:00',19,0.37,57.17),(2,'2015-04-08 02:00:00',11,0.96,168.23),(2,'2015-04-08 03:00:00',19,0.95,56.77),(2,'2015-04-08 04:00:00',12,0.42,67.89),(2,'2015-04-08 05:00:00',-3,0.05,101.51),(2,'2015-04-08 06:00:00',17,0.50,131.98),(2,'2015-04-08 07:00:00',19,0.99,160.80),(2,'2015-04-08 08:00:00',-3,0.82,170.03),(2,'2015-04-08 09:00:00',-5,0.80,60.52),(2,'2015-04-08 10:00:00',7,0.29,146.67),(2,'2015-04-08 11:00:00',-9,0.07,76.98),(2,'2015-04-08 12:00:00',-8,0.53,61.30),(2,'2015-04-08 13:00:00',-8,0.75,154.62),(2,'2015-04-08 14:00:00',-10,0.80,81.99),(2,'2015-04-08 15:00:00',12,0.16,64.37),(2,'2015-04-08 16:00:00',-5,0.55,93.97),(2,'2015-04-08 17:00:00',-10,0.86,70.08),(2,'2015-04-08 18:00:00',8,0.02,35.69),(2,'2015-04-08 19:00:00',16,0.22,75.35),(2,'2015-04-08 20:00:00',12,0.20,192.49),(2,'2015-04-08 21:00:00',-6,0.31,44.00),(2,'2015-04-08 22:00:00',16,0.57,144.61),(2,'2015-04-08 23:00:00',0,0.92,113.69),(2,'2015-04-09 00:00:00',16,0.33,122.06),(2,'2015-04-09 01:00:00',11,0.68,53.06),(2,'2015-04-09 02:00:00',-1,0.28,138.47),(2,'2015-04-09 03:00:00',-5,0.38,141.14),(2,'2015-04-09 04:00:00',15,0.39,35.45),(2,'2015-04-09 05:00:00',3,0.75,96.38),(2,'2015-04-09 06:00:00',-8,0.71,52.08),(2,'2015-04-09 07:00:00',11,0.06,72.86),(2,'2015-04-09 08:00:00',-7,0.10,82.00),(2,'2015-04-09 09:00:00',13,0.40,92.34),(2,'2015-04-09 10:00:00',0,0.16,104.10),(2,'2015-04-09 11:00:00',-5,0.82,194.78),(2,'2015-04-09 12:00:00',7,0.53,105.17),(2,'2015-04-09 13:00:00',-1,0.82,179.79),(2,'2015-04-09 14:00:00',12,0.91,133.43),(2,'2015-04-09 15:00:00',1,0.78,97.88),(2,'2015-04-09 16:00:00',-8,0.81,95.77),(2,'2015-04-09 17:00:00',13,0.83,57.11),(2,'2015-04-09 18:00:00',-9,0.03,198.27),(2,'2015-04-09 19:00:00',9,0.26,145.61),(2,'2015-04-09 20:00:00',-3,0.34,144.89),(2,'2015-04-09 21:00:00',-8,0.25,157.46),(2,'2015-04-09 22:00:00',9,0.24,82.79),(2,'2015-04-09 23:00:00',15,0.52,144.14),(2,'2015-04-10 00:00:00',19,0.66,149.88),(2,'2015-04-10 01:00:00',12,0.30,112.21),(2,'2015-04-10 02:00:00',-5,0.79,91.46),(2,'2015-04-10 03:00:00',15,0.10,25.27),(2,'2015-04-10 04:00:00',-1,0.40,149.70),(2,'2015-04-10 05:00:00',13,0.84,110.27),(2,'2015-04-10 06:00:00',3,0.71,174.19),(2,'2015-04-10 07:00:00',11,0.55,75.74),(2,'2015-04-10 08:00:00',-9,0.78,125.08),(2,'2015-04-10 09:00:00',2,0.36,94.77),(2,'2015-04-10 10:00:00',12,0.66,151.78),(2,'2015-04-10 11:00:00',-3,0.27,85.61),(2,'2015-04-10 12:00:00',11,0.13,76.98),(2,'2015-04-10 13:00:00',-3,0.26,52.11),(2,'2015-04-10 14:00:00',13,0.11,184.05),(2,'2015-04-10 15:00:00',-9,0.26,80.98),(2,'2015-04-10 16:00:00',5,0.37,165.57),(2,'2015-04-10 17:00:00',17,0.67,133.20),(2,'2015-04-10 18:00:00',9,0.73,155.53),(2,'2015-04-10 19:00:00',10,0.79,157.25),(2,'2015-04-10 20:00:00',13,0.42,178.91),(2,'2015-04-10 21:00:00',18,0.01,38.69),(2,'2015-04-10 22:00:00',15,0.52,95.26),(2,'2015-04-10 23:00:00',3,0.80,52.02),(2,'2015-04-11 00:00:00',16,0.86,102.54),(2,'2015-04-11 01:00:00',-2,0.61,171.76),(2,'2015-04-11 02:00:00',7,0.11,179.28),(2,'2015-04-11 03:00:00',2,0.43,163.75),(2,'2015-04-11 04:00:00',9,0.85,97.84),(2,'2015-04-11 05:00:00',4,0.36,44.60),(2,'2015-04-11 06:00:00',13,0.71,134.82),(2,'2015-04-11 07:00:00',2,0.74,36.13),(2,'2015-04-11 08:00:00',19,0.77,29.09),(2,'2015-04-11 09:00:00',8,0.02,25.81),(2,'2015-04-11 10:00:00',19,0.89,20.11),(2,'2015-04-11 11:00:00',-4,0.64,23.58),(2,'2015-04-11 12:00:00',3,0.93,144.31),(2,'2015-04-11 13:00:00',-10,0.67,57.17),(2,'2015-04-11 14:00:00',13,0.12,115.16),(2,'2015-04-11 15:00:00',13,0.43,106.43),(2,'2015-04-11 16:00:00',-1,0.93,81.36),(2,'2015-04-11 17:00:00',16,1.00,57.85),(2,'2015-04-11 18:00:00',9,0.67,99.45),(2,'2015-04-11 19:00:00',-9,0.49,181.81),(2,'2015-04-11 20:00:00',-3,0.42,52.07),(2,'2015-04-11 21:00:00',10,0.20,175.43),(2,'2015-04-11 22:00:00',-6,0.21,143.77),(2,'2015-04-11 23:00:00',11,0.47,51.85),(2,'2015-04-12 00:00:00',5,0.54,40.16),(2,'2015-04-12 01:00:00',17,0.13,37.37),(2,'2015-04-12 02:00:00',3,0.92,28.61),(2,'2015-04-12 03:00:00',10,0.81,34.43),(2,'2015-04-12 04:00:00',19,0.21,147.80),(2,'2015-04-12 05:00:00',1,0.24,199.08),(2,'2015-04-12 06:00:00',1,0.69,95.17),(2,'2015-04-12 07:00:00',-7,0.95,46.71),(2,'2015-04-12 08:00:00',-6,0.25,133.98),(2,'2015-04-12 09:00:00',-1,0.64,111.81),(2,'2015-04-12 10:00:00',-4,0.49,178.40),(2,'2015-04-12 11:00:00',17,0.44,69.83),(2,'2015-04-12 12:00:00',20,0.28,187.67),(2,'2015-04-12 13:00:00',18,0.92,63.12),(2,'2015-04-12 14:00:00',-3,0.42,191.50),(2,'2015-04-12 15:00:00',-4,0.71,77.78),(2,'2015-04-12 16:00:00',19,0.71,182.46),(2,'2015-04-12 17:00:00',-6,0.03,153.58),(2,'2015-04-12 18:00:00',19,0.53,82.21),(2,'2015-04-12 19:00:00',0,0.06,47.92),(2,'2015-04-12 20:00:00',6,0.51,136.31),(2,'2015-04-12 21:00:00',15,0.98,139.80),(2,'2015-04-12 22:00:00',-2,0.05,71.03),(2,'2015-04-12 23:00:00',2,0.63,153.91),(2,'2015-04-13 00:00:00',-7,0.16,168.29),(2,'2015-04-13 01:00:00',12,0.71,184.95),(2,'2015-04-13 02:00:00',7,0.86,50.47),(2,'2015-04-13 03:00:00',4,0.39,64.63),(2,'2015-04-13 04:00:00',9,0.72,97.54),(2,'2015-04-13 05:00:00',1,0.64,37.50),(2,'2015-04-13 06:00:00',3,0.39,144.20),(2,'2015-04-13 07:00:00',-8,0.72,199.70),(2,'2015-04-13 08:00:00',-2,0.74,199.74),(2,'2015-04-13 09:00:00',-3,0.11,170.93),(2,'2015-04-13 10:00:00',4,1.00,70.19),(2,'2015-04-13 11:00:00',6,0.38,178.38),(2,'2015-04-13 12:00:00',-1,0.09,144.99),(2,'2015-04-13 13:00:00',-10,0.90,163.97),(2,'2015-04-13 14:00:00',14,0.41,23.20),(2,'2015-04-13 15:00:00',4,0.83,152.58),(2,'2015-04-13 16:00:00',3,0.96,90.20),(2,'2015-04-13 17:00:00',0,0.38,105.73),(2,'2015-04-13 18:00:00',-10,0.73,162.16),(2,'2015-04-13 19:00:00',5,0.56,147.10),(2,'2015-04-13 20:00:00',-2,0.29,112.96),(2,'2015-04-13 21:00:00',17,0.51,68.19),(2,'2015-04-13 22:00:00',1,0.95,93.97),(2,'2015-04-13 23:00:00',-2,0.51,47.60),(2,'2015-04-14 00:00:00',2,0.71,28.53),(2,'2015-04-14 01:00:00',-7,0.43,160.66),(2,'2015-04-14 02:00:00',-4,0.36,68.65),(2,'2015-04-14 03:00:00',8,0.28,26.00),(2,'2015-04-14 04:00:00',3,0.18,165.71),(2,'2015-04-14 05:00:00',14,0.40,116.86),(2,'2015-04-14 06:00:00',10,0.02,52.51),(2,'2015-04-14 07:00:00',9,0.51,139.96),(2,'2015-04-14 08:00:00',12,0.60,43.55),(2,'2015-04-14 09:00:00',9,0.50,39.64),(2,'2015-04-14 10:00:00',14,0.43,152.15),(2,'2015-04-14 11:00:00',14,0.70,195.27),(2,'2015-04-14 12:00:00',-1,0.94,67.14),(2,'2015-04-14 13:00:00',-8,0.57,33.13),(2,'2015-04-14 14:00:00',-2,0.31,44.42),(2,'2015-04-14 15:00:00',-3,0.12,81.09),(2,'2015-04-14 16:00:00',9,0.85,107.22),(2,'2015-04-14 17:00:00',16,0.11,45.10),(2,'2015-04-14 18:00:00',1,0.30,90.81),(2,'2015-04-14 19:00:00',-8,0.16,112.06),(2,'2015-04-14 20:00:00',20,0.46,167.69),(2,'2015-04-14 21:00:00',7,0.46,180.01),(2,'2015-04-14 22:00:00',7,0.51,21.42),(2,'2015-04-14 23:00:00',11,0.36,86.07),(2,'2015-04-15 00:00:00',4,0.67,172.02),(2,'2015-04-15 01:00:00',1,0.13,128.65),(2,'2015-04-15 02:00:00',14,0.78,127.98),(2,'2015-04-15 03:00:00',20,0.83,141.74),(2,'2015-04-15 04:00:00',-1,0.08,65.90),(2,'2015-04-15 05:00:00',0,0.07,176.09),(2,'2015-04-15 06:00:00',3,0.88,97.38),(2,'2015-04-15 07:00:00',14,0.26,194.47),(2,'2015-04-15 08:00:00',20,0.83,139.21),(2,'2015-04-15 09:00:00',-10,0.15,35.49),(2,'2015-04-15 10:00:00',5,0.95,115.33),(2,'2015-04-15 11:00:00',3,0.79,112.94),(2,'2015-04-15 12:00:00',15,0.31,25.94),(2,'2015-04-15 13:00:00',-5,0.60,116.02),(2,'2015-04-15 14:00:00',-8,0.58,166.42),(2,'2015-04-15 15:00:00',-5,0.06,173.84),(2,'2015-04-15 16:00:00',2,0.81,83.66),(2,'2015-04-15 17:00:00',-1,0.89,148.02),(2,'2015-04-15 18:00:00',19,0.81,79.20),(2,'2015-04-15 19:00:00',0,0.46,188.38),(2,'2015-04-15 20:00:00',-4,0.18,191.29),(2,'2015-04-15 21:00:00',-4,0.93,138.74),(2,'2015-04-15 22:00:00',14,0.52,138.17),(2,'2015-04-15 23:00:00',5,0.97,188.46),(2,'2015-04-16 00:00:00',8,0.09,29.17),(2,'2015-04-16 01:00:00',19,0.20,186.13),(2,'2015-04-16 02:00:00',-9,0.32,146.30),(2,'2015-04-16 03:00:00',-8,0.43,100.25),(2,'2015-04-16 04:00:00',10,0.43,109.82),(2,'2015-04-16 05:00:00',3,0.94,180.53),(2,'2015-04-16 06:00:00',-2,0.41,22.74),(2,'2015-04-16 07:00:00',14,0.98,95.22),(2,'2015-04-16 08:00:00',-6,0.30,60.69),(2,'2015-04-16 09:00:00',20,0.12,119.81),(2,'2015-04-16 10:00:00',12,0.81,112.10),(2,'2015-04-16 11:00:00',-7,0.18,93.66),(2,'2015-04-16 12:00:00',8,0.76,115.71),(2,'2015-04-16 13:00:00',16,0.84,134.37),(2,'2015-04-16 14:00:00',0,0.25,74.36),(2,'2015-04-16 15:00:00',5,0.03,72.87),(2,'2015-04-16 16:00:00',10,0.40,53.07),(2,'2015-04-16 17:00:00',16,0.14,31.26),(2,'2015-04-16 18:00:00',16,0.77,177.99),(2,'2015-04-16 19:00:00',6,0.91,156.61),(2,'2015-04-16 20:00:00',6,0.00,23.67),(2,'2015-04-16 21:00:00',15,0.65,61.55),(2,'2015-04-16 22:00:00',-5,0.87,139.70),(2,'2015-04-16 23:00:00',-4,0.36,146.13),(2,'2015-04-17 00:00:00',2,0.18,119.79),(2,'2015-04-17 01:00:00',-8,0.20,142.17),(2,'2015-04-17 02:00:00',16,0.90,109.93),(2,'2015-04-17 03:00:00',16,0.19,121.48),(2,'2015-04-17 04:00:00',11,0.57,32.56),(2,'2015-04-17 05:00:00',-9,0.72,28.99),(2,'2015-04-17 06:00:00',-3,0.76,49.72),(2,'2015-04-17 07:00:00',4,0.31,160.10),(2,'2015-04-17 08:00:00',-7,0.63,118.03),(2,'2015-04-17 09:00:00',-5,0.92,66.24),(2,'2015-04-17 10:00:00',-6,0.09,154.52),(2,'2015-04-17 11:00:00',18,0.72,158.69),(2,'2015-04-17 12:00:00',-4,0.68,164.01),(2,'2015-04-17 13:00:00',3,0.05,156.70),(2,'2015-04-17 14:00:00',-5,0.04,167.03),(2,'2015-04-17 15:00:00',-8,0.24,111.12),(2,'2015-04-17 16:00:00',1,0.54,147.03),(2,'2015-04-17 17:00:00',6,0.59,47.89),(2,'2015-04-17 18:00:00',17,0.40,99.75),(2,'2015-04-17 19:00:00',5,0.20,119.25),(2,'2015-04-17 20:00:00',13,0.91,39.40),(2,'2015-04-17 21:00:00',2,0.86,190.92),(2,'2015-04-17 22:00:00',-10,0.15,165.11),(2,'2015-04-17 23:00:00',-5,0.02,154.09),(2,'2015-04-18 00:00:00',16,0.77,44.09),(2,'2015-04-18 01:00:00',17,0.37,43.60),(2,'2015-04-18 02:00:00',19,0.16,132.67),(2,'2015-04-18 03:00:00',14,0.94,154.56),(2,'2015-04-18 04:00:00',6,0.28,119.14),(2,'2015-04-18 05:00:00',-7,0.02,134.65),(2,'2015-04-18 06:00:00',16,0.80,125.94),(2,'2015-04-18 07:00:00',3,0.58,187.63),(2,'2015-04-18 08:00:00',-7,0.70,54.86),(2,'2015-04-18 09:00:00',-3,0.87,106.70),(2,'2015-04-18 10:00:00',15,0.85,136.30),(2,'2015-04-18 11:00:00',13,0.29,51.33),(2,'2015-04-18 12:00:00',-1,0.49,126.05),(2,'2015-04-18 13:00:00',-6,0.83,48.03),(2,'2015-04-18 14:00:00',8,0.92,49.10),(2,'2015-04-18 15:00:00',7,0.23,158.45),(2,'2015-04-18 16:00:00',8,0.99,106.65),(2,'2015-04-18 17:00:00',1,0.28,83.98),(2,'2015-04-18 18:00:00',-4,0.95,184.34),(2,'2015-04-18 19:00:00',10,0.27,184.33),(2,'2015-04-18 20:00:00',4,0.43,80.75),(2,'2015-04-18 21:00:00',-9,0.68,143.02),(2,'2015-04-18 22:00:00',-2,0.52,71.69),(2,'2015-04-18 23:00:00',-10,0.61,45.56),(2,'2015-04-19 00:00:00',16,0.33,116.61),(2,'2015-04-19 01:00:00',7,0.17,50.29),(2,'2015-04-19 02:00:00',1,0.30,176.15),(2,'2015-04-19 03:00:00',-10,0.51,147.53),(2,'2015-04-19 04:00:00',-2,0.95,112.59),(2,'2015-04-19 05:00:00',17,0.44,74.35),(2,'2015-04-19 06:00:00',11,0.69,23.89),(2,'2015-04-19 07:00:00',4,0.05,109.49),(2,'2015-04-19 08:00:00',17,0.92,197.41),(2,'2015-04-19 09:00:00',-4,0.12,65.28),(2,'2015-04-19 10:00:00',0,0.63,121.89),(2,'2015-04-19 11:00:00',12,0.13,81.27),(2,'2015-04-19 12:00:00',20,0.12,71.02),(2,'2015-04-19 13:00:00',17,0.93,186.84),(2,'2015-04-19 14:00:00',6,0.15,108.96),(2,'2015-04-19 15:00:00',-10,0.44,190.53),(2,'2015-04-19 16:00:00',0,0.10,192.19),(2,'2015-04-19 17:00:00',0,0.22,45.56),(2,'2015-04-19 18:00:00',-9,0.74,189.34),(2,'2015-04-19 19:00:00',8,0.37,71.75),(2,'2015-04-19 20:00:00',7,0.74,53.61),(2,'2015-04-19 21:00:00',-7,0.51,191.12),(2,'2015-04-19 22:00:00',11,0.44,99.84),(2,'2015-04-19 23:00:00',15,0.79,79.11),(2,'2015-04-20 00:00:00',18,0.51,94.01),(2,'2015-04-20 01:00:00',14,0.40,84.06),(2,'2015-04-20 02:00:00',-2,0.97,95.27),(2,'2015-04-20 03:00:00',11,0.82,163.74),(2,'2015-04-20 04:00:00',9,0.94,92.74),(2,'2015-04-20 05:00:00',-7,0.54,192.49),(2,'2015-04-20 06:00:00',-2,0.75,190.24),(2,'2015-04-20 07:00:00',-9,0.39,141.80),(2,'2015-04-20 08:00:00',-3,0.80,172.05),(2,'2015-04-20 09:00:00',19,0.64,65.34),(2,'2015-04-20 10:00:00',10,0.71,45.04),(2,'2015-04-20 11:00:00',4,0.18,124.97),(2,'2015-04-20 12:00:00',-7,0.98,191.42),(2,'2015-04-20 13:00:00',16,0.90,183.27),(2,'2015-04-20 14:00:00',-9,0.61,187.04),(2,'2015-04-20 15:00:00',19,0.68,177.18),(2,'2015-04-20 16:00:00',-4,0.61,124.69),(2,'2015-04-20 17:00:00',2,0.12,134.20),(2,'2015-04-20 18:00:00',-10,0.57,184.33),(2,'2015-04-20 19:00:00',-7,0.73,35.07),(2,'2015-04-20 20:00:00',-3,0.51,67.98),(2,'2015-04-20 21:00:00',-4,0.49,166.47),(2,'2015-04-20 22:00:00',19,0.87,63.33),(2,'2015-04-20 23:00:00',-3,0.17,190.93),(2,'2015-04-21 00:00:00',5,0.46,47.37),(2,'2015-04-21 01:00:00',16,0.14,108.44),(2,'2015-04-21 02:00:00',17,0.06,182.80),(2,'2015-04-21 03:00:00',-9,0.81,76.19),(2,'2015-04-21 04:00:00',-6,0.50,111.13),(2,'2015-04-21 05:00:00',11,0.92,99.44),(2,'2015-04-21 06:00:00',6,0.87,20.25),(2,'2015-04-21 07:00:00',0,0.78,198.04),(2,'2015-04-21 08:00:00',10,0.08,176.29),(2,'2015-04-21 09:00:00',4,0.99,132.76),(2,'2015-04-21 10:00:00',2,0.08,98.78),(2,'2015-04-21 11:00:00',-1,0.84,103.99),(2,'2015-04-21 12:00:00',16,0.34,138.86),(2,'2015-04-21 13:00:00',-2,0.59,179.45),(2,'2015-04-21 14:00:00',6,0.68,80.90),(2,'2015-04-21 15:00:00',-10,0.40,98.46),(2,'2015-04-21 16:00:00',8,0.31,140.58),(2,'2015-04-21 17:00:00',4,0.82,27.38),(2,'2015-04-21 18:00:00',2,0.17,52.15),(2,'2015-04-21 19:00:00',1,0.87,124.02),(2,'2015-04-21 20:00:00',19,0.91,127.33),(2,'2015-04-21 21:00:00',9,0.63,109.36),(2,'2015-04-21 22:00:00',5,0.26,26.77),(2,'2015-04-21 23:00:00',8,0.49,129.18),(2,'2015-04-22 00:00:00',9,0.56,171.29),(2,'2015-04-22 01:00:00',-2,0.85,115.44),(2,'2015-04-22 02:00:00',19,0.93,158.92),(2,'2015-04-22 03:00:00',4,0.13,116.71),(2,'2015-04-22 04:00:00',-6,0.85,23.69),(2,'2015-04-22 05:00:00',4,0.91,77.35),(2,'2015-04-22 06:00:00',-1,0.37,173.00),(2,'2015-04-22 07:00:00',4,0.17,50.79),(2,'2015-04-22 08:00:00',15,0.65,140.57),(2,'2015-04-22 09:00:00',14,0.19,196.96),(2,'2015-04-22 10:00:00',20,0.06,186.45),(2,'2015-04-22 11:00:00',4,0.03,193.40),(2,'2015-04-22 12:00:00',20,0.77,22.53),(2,'2015-04-22 13:00:00',4,0.04,189.94),(2,'2015-04-22 14:00:00',13,0.65,196.41),(2,'2015-04-22 15:00:00',-4,0.37,132.85),(2,'2015-04-22 16:00:00',-9,0.79,111.21),(2,'2015-04-22 17:00:00',19,0.38,59.46),(2,'2015-04-22 18:00:00',14,0.79,73.13),(2,'2015-04-22 19:00:00',5,0.53,22.27),(2,'2015-04-22 20:00:00',11,0.78,102.39),(2,'2015-04-22 21:00:00',13,0.02,45.50),(2,'2015-04-22 22:00:00',18,0.47,158.22),(2,'2015-04-22 23:00:00',5,0.06,68.45),(2,'2015-04-23 00:00:00',9,0.40,28.79),(2,'2015-04-23 01:00:00',2,0.01,130.67),(2,'2015-04-23 02:00:00',15,0.94,40.66),(2,'2015-04-23 03:00:00',-2,0.42,127.64),(2,'2015-04-23 04:00:00',13,0.06,32.35),(2,'2015-04-23 05:00:00',9,0.54,70.99),(2,'2015-04-23 06:00:00',11,0.54,189.46),(2,'2015-04-23 07:00:00',-3,0.96,158.47),(2,'2015-04-23 08:00:00',-9,0.00,96.00),(2,'2015-04-23 09:00:00',19,0.14,182.99),(2,'2015-04-23 10:00:00',-8,0.95,67.70),(2,'2015-04-23 11:00:00',18,0.22,195.81),(2,'2015-04-23 12:00:00',-1,0.95,150.14),(2,'2015-04-23 13:00:00',18,0.33,136.69),(2,'2015-04-23 14:00:00',19,0.34,172.52),(2,'2015-04-23 15:00:00',-10,0.57,35.78),(2,'2015-04-23 16:00:00',19,0.27,67.65),(2,'2015-04-23 17:00:00',11,0.28,86.46),(2,'2015-04-23 18:00:00',5,0.56,169.41),(2,'2015-04-23 19:00:00',15,0.44,156.38),(2,'2015-04-23 20:00:00',1,0.54,93.38),(2,'2015-04-23 21:00:00',-5,0.66,86.19),(2,'2015-04-23 22:00:00',7,0.03,126.85),(2,'2015-04-23 23:00:00',8,0.48,143.64),(2,'2015-04-24 00:00:00',11,0.95,170.35),(2,'2015-04-24 01:00:00',-3,0.63,26.95),(2,'2015-04-24 02:00:00',19,0.18,173.89),(2,'2015-04-24 03:00:00',-4,0.67,142.54),(2,'2015-04-24 04:00:00',-3,0.38,180.57),(2,'2015-04-24 05:00:00',14,0.38,121.56),(2,'2015-04-24 06:00:00',12,0.84,139.26),(2,'2015-04-24 07:00:00',-5,0.79,182.19),(2,'2015-04-24 08:00:00',3,0.67,43.84),(2,'2015-04-24 09:00:00',3,0.59,166.97),(2,'2015-04-24 10:00:00',-6,0.25,119.51),(2,'2015-04-24 11:00:00',17,0.03,133.76),(2,'2015-04-24 12:00:00',0,0.04,150.03),(2,'2015-04-24 13:00:00',-9,0.64,23.43),(2,'2015-04-24 14:00:00',0,0.87,72.76),(2,'2015-04-24 15:00:00',11,0.68,121.19),(2,'2015-04-24 16:00:00',12,0.81,159.85),(2,'2015-04-24 17:00:00',1,0.50,182.04),(2,'2015-04-24 18:00:00',16,0.85,168.80),(2,'2015-04-24 19:00:00',5,0.86,69.47),(2,'2015-04-24 20:00:00',8,0.07,82.12),(2,'2015-04-24 21:00:00',-6,0.35,78.72),(2,'2015-04-24 22:00:00',6,0.16,20.66),(2,'2015-04-24 23:00:00',13,0.62,36.47),(2,'2015-04-25 00:00:00',-1,0.94,135.96),(2,'2015-04-25 01:00:00',19,0.73,99.57),(2,'2015-04-25 02:00:00',1,0.93,126.69),(2,'2015-04-25 03:00:00',6,0.60,96.01),(2,'2015-04-25 04:00:00',18,0.84,92.90),(2,'2015-04-25 05:00:00',-7,0.27,70.94),(2,'2015-04-25 06:00:00',18,0.02,136.67),(2,'2015-04-25 07:00:00',10,0.93,74.87),(2,'2015-04-25 08:00:00',-6,0.37,92.01),(2,'2015-04-25 09:00:00',12,0.40,194.69),(2,'2015-04-25 10:00:00',19,0.41,179.59),(2,'2015-04-25 11:00:00',15,0.45,168.12),(2,'2015-04-25 12:00:00',10,0.42,173.84),(2,'2015-04-25 13:00:00',9,0.78,51.70),(2,'2015-04-25 14:00:00',3,0.46,77.22),(2,'2015-04-25 15:00:00',2,0.29,158.14),(2,'2015-04-25 16:00:00',9,0.15,43.41),(2,'2015-04-25 17:00:00',11,0.05,98.57),(2,'2015-04-25 18:00:00',5,0.66,132.93),(2,'2015-04-25 19:00:00',-7,0.09,22.59),(2,'2015-04-25 20:00:00',17,0.50,186.40),(2,'2015-04-25 21:00:00',7,0.02,134.00),(2,'2015-04-25 22:00:00',15,0.23,162.87),(2,'2015-04-25 23:00:00',7,0.82,34.19),(2,'2015-04-26 00:00:00',18,0.87,185.69),(2,'2015-04-26 01:00:00',12,0.83,73.60),(2,'2015-04-26 02:00:00',-9,0.64,104.87),(2,'2015-04-26 03:00:00',-4,0.34,169.49),(2,'2015-04-26 04:00:00',12,0.80,43.44),(2,'2015-04-26 05:00:00',4,0.04,77.31),(2,'2015-04-26 06:00:00',9,0.17,196.25),(2,'2015-04-26 07:00:00',9,0.56,57.91),(2,'2015-04-26 08:00:00',16,0.29,64.52),(2,'2015-04-26 09:00:00',-5,0.85,66.88),(2,'2015-04-26 10:00:00',6,0.43,24.51),(2,'2015-04-26 11:00:00',13,0.19,23.58),(2,'2015-04-26 12:00:00',14,0.81,130.13),(2,'2015-04-26 13:00:00',1,0.68,27.71),(2,'2015-04-26 14:00:00',11,0.60,161.36),(2,'2015-04-26 15:00:00',18,0.88,116.69),(2,'2015-04-26 16:00:00',18,0.90,99.37),(2,'2015-04-26 17:00:00',2,0.83,22.62),(2,'2015-04-26 18:00:00',1,0.99,192.60),(2,'2015-04-26 19:00:00',-1,0.79,75.40),(2,'2015-04-26 20:00:00',1,0.26,69.62),(2,'2015-04-26 21:00:00',-3,0.11,197.17),(2,'2015-04-26 22:00:00',2,0.07,29.63),(2,'2015-04-26 23:00:00',-8,0.54,63.80),(2,'2015-04-27 00:00:00',11,0.72,151.44),(2,'2015-04-27 01:00:00',19,0.05,75.08),(2,'2015-04-27 02:00:00',7,0.83,132.91),(2,'2015-04-27 03:00:00',-5,0.93,166.57),(2,'2015-04-27 04:00:00',7,0.46,189.94),(2,'2015-04-27 05:00:00',3,0.63,148.87),(2,'2015-04-27 06:00:00',3,0.32,102.73),(2,'2015-04-27 07:00:00',-4,0.58,114.84),(2,'2015-04-27 08:00:00',-9,0.44,86.03),(2,'2015-04-27 09:00:00',20,0.84,183.24),(2,'2015-04-27 10:00:00',14,0.39,114.99),(2,'2015-04-27 11:00:00',12,0.06,77.43),(2,'2015-04-27 12:00:00',19,0.48,124.92),(2,'2015-04-27 13:00:00',7,0.50,27.03),(2,'2015-04-27 14:00:00',13,0.31,156.65),(2,'2015-04-27 15:00:00',10,0.66,124.38),(2,'2015-04-27 16:00:00',13,0.71,28.95),(2,'2015-04-27 17:00:00',-10,0.05,31.33),(2,'2015-04-27 18:00:00',5,0.36,62.68),(2,'2015-04-27 19:00:00',3,0.74,74.57),(2,'2015-04-27 20:00:00',19,0.31,172.31),(2,'2015-04-27 21:00:00',2,0.43,194.54),(2,'2015-04-27 22:00:00',-2,0.72,173.38),(2,'2015-04-27 23:00:00',18,0.35,101.93),(2,'2015-04-28 00:00:00',5,0.22,141.59),(2,'2015-04-28 01:00:00',-1,0.05,67.02),(2,'2015-04-28 02:00:00',-2,0.73,57.78),(2,'2015-04-28 03:00:00',14,0.13,162.42),(2,'2015-04-28 04:00:00',20,0.47,25.01),(2,'2015-04-28 05:00:00',6,0.62,191.95),(2,'2015-04-28 06:00:00',-7,0.99,180.31),(2,'2015-04-28 07:00:00',4,0.51,147.15),(2,'2015-04-28 08:00:00',18,0.18,26.63),(2,'2015-04-28 09:00:00',13,0.55,82.66),(2,'2015-04-28 10:00:00',15,0.03,155.84),(2,'2015-04-28 11:00:00',-9,0.88,148.97),(2,'2015-04-28 12:00:00',11,0.20,169.27),(2,'2015-04-28 13:00:00',-3,0.33,27.52),(2,'2015-04-28 14:00:00',-3,0.39,149.29),(2,'2015-04-28 15:00:00',7,0.24,146.10),(2,'2015-04-28 16:00:00',2,0.55,56.34),(2,'2015-04-28 17:00:00',17,0.84,130.03),(2,'2015-04-28 18:00:00',-7,0.99,186.83),(2,'2015-04-28 19:00:00',-10,0.38,110.91),(2,'2015-04-28 20:00:00',-1,0.07,128.51),(2,'2015-04-28 21:00:00',-9,0.67,35.45),(2,'2015-04-28 22:00:00',-5,0.89,177.37),(2,'2015-04-28 23:00:00',-2,0.50,127.79),(2,'2015-04-29 00:00:00',9,0.12,76.89),(2,'2015-04-29 01:00:00',-2,0.68,105.41),(2,'2015-04-29 02:00:00',9,0.55,41.04),(2,'2015-04-29 03:00:00',3,0.96,36.02),(2,'2015-04-29 04:00:00',-2,0.40,148.39),(2,'2015-04-29 05:00:00',9,0.51,193.27),(2,'2015-04-29 06:00:00',-2,0.20,41.84),(2,'2015-04-29 07:00:00',-2,0.55,70.78),(2,'2015-04-29 08:00:00',-7,0.88,145.95),(2,'2015-04-29 09:00:00',10,0.61,87.85),(2,'2015-04-29 10:00:00',10,0.78,52.31),(2,'2015-04-29 11:00:00',6,0.27,104.23),(2,'2015-04-29 12:00:00',4,0.81,62.64),(2,'2015-04-29 13:00:00',11,0.28,81.80),(2,'2015-04-29 14:00:00',15,0.35,82.13),(2,'2015-04-29 15:00:00',12,0.03,122.00),(2,'2015-04-29 16:00:00',-5,0.77,174.82),(2,'2015-04-29 17:00:00',6,0.88,71.28),(2,'2015-04-29 18:00:00',-6,0.71,140.38),(2,'2015-04-29 19:00:00',-3,0.60,46.10),(2,'2015-04-29 20:00:00',10,0.48,59.63),(2,'2015-04-29 21:00:00',1,0.72,130.63),(2,'2015-04-29 22:00:00',-5,0.14,114.66),(2,'2015-04-29 23:00:00',7,0.76,125.38),(2,'2015-04-30 00:00:00',19,0.97,106.15),(2,'2015-04-30 01:00:00',8,0.95,169.38),(2,'2015-04-30 02:00:00',1,0.73,160.57),(2,'2015-04-30 03:00:00',10,0.25,146.84),(2,'2015-04-30 04:00:00',2,0.84,168.68),(2,'2015-04-30 05:00:00',11,0.16,121.60),(2,'2015-04-30 06:00:00',-3,0.81,128.51),(2,'2015-04-30 07:00:00',13,0.26,103.22),(2,'2015-04-30 08:00:00',9,0.41,159.28),(2,'2015-04-30 09:00:00',12,0.77,53.14),(2,'2015-04-30 10:00:00',10,0.95,55.14),(2,'2015-04-30 11:00:00',0,0.87,92.73),(2,'2015-04-30 12:00:00',-7,0.70,191.17),(2,'2015-04-30 13:00:00',-1,0.88,70.22),(2,'2015-04-30 14:00:00',1,0.37,163.40),(2,'2015-04-30 15:00:00',17,0.56,55.60),(2,'2015-04-30 16:00:00',10,0.38,147.31),(2,'2015-04-30 17:00:00',4,0.33,193.15),(2,'2015-04-30 18:00:00',2,0.29,78.16),(2,'2015-04-30 19:00:00',4,0.48,176.88),(2,'2015-04-30 20:00:00',-1,0.28,113.16),(2,'2015-04-30 21:00:00',3,0.64,143.19),(2,'2015-04-30 22:00:00',4,0.95,137.67),(2,'2015-04-30 23:00:00',-8,0.72,138.79),(2,'2015-05-01 00:00:00',-9,0.07,188.50),(2,'2015-05-01 01:00:00',2,0.21,161.33),(2,'2015-05-01 02:00:00',-4,0.47,171.25),(2,'2015-05-01 03:00:00',-3,0.63,91.45),(2,'2015-05-01 04:00:00',15,0.36,113.18),(2,'2015-05-01 05:00:00',9,0.25,192.86),(2,'2015-05-01 06:00:00',8,0.38,96.07),(2,'2015-05-01 07:00:00',8,0.39,55.47),(2,'2015-05-01 08:00:00',20,0.43,55.73),(2,'2015-05-01 09:00:00',2,0.74,85.97),(2,'2015-05-01 10:00:00',-9,0.69,88.06),(2,'2015-05-01 11:00:00',1,0.19,156.37),(2,'2015-05-01 12:00:00',17,0.92,194.20),(2,'2015-05-01 13:00:00',10,0.80,180.17),(2,'2015-05-01 14:00:00',16,0.17,115.92),(2,'2015-05-01 15:00:00',7,0.10,20.07),(2,'2015-05-01 16:00:00',3,0.33,179.67),(2,'2015-05-01 17:00:00',8,0.64,169.24),(2,'2015-05-01 18:00:00',0,0.02,35.96),(2,'2015-05-01 19:00:00',-2,0.62,25.39),(2,'2015-05-01 20:00:00',-4,0.37,63.43),(2,'2015-05-01 21:00:00',5,0.01,23.37),(2,'2015-05-01 22:00:00',9,0.44,91.81),(2,'2015-05-01 23:00:00',-7,0.04,141.30),(2,'2015-05-02 00:00:00',-6,0.13,43.78),(2,'2015-05-02 01:00:00',8,0.56,76.54),(2,'2015-05-02 02:00:00',6,0.68,55.73),(2,'2015-05-02 03:00:00',18,0.31,113.03),(2,'2015-05-02 04:00:00',15,0.79,102.66),(2,'2015-05-02 05:00:00',-10,0.48,29.64),(2,'2015-05-02 06:00:00',5,0.98,24.70),(2,'2015-05-02 07:00:00',15,0.29,146.33),(2,'2015-05-02 08:00:00',9,0.71,172.36),(2,'2015-05-02 09:00:00',3,0.14,154.74),(2,'2015-05-02 10:00:00',15,0.24,61.35),(2,'2015-05-02 11:00:00',7,0.61,44.99),(2,'2015-05-02 12:00:00',4,0.91,63.76),(2,'2015-05-02 13:00:00',16,0.64,41.73),(2,'2015-05-02 14:00:00',1,0.43,168.38),(2,'2015-05-02 15:00:00',19,0.92,27.75),(2,'2015-05-02 16:00:00',17,0.56,78.75),(2,'2015-05-02 17:00:00',5,0.91,30.83),(2,'2015-05-02 18:00:00',-3,0.68,28.22),(2,'2015-05-02 19:00:00',11,0.41,164.24),(2,'2015-05-02 20:00:00',3,0.73,106.70),(2,'2015-05-02 21:00:00',5,0.81,25.52),(2,'2015-05-02 22:00:00',15,0.23,98.10),(2,'2015-05-02 23:00:00',-4,0.79,42.05),(2,'2015-05-03 00:00:00',4,0.52,187.35),(2,'2015-05-03 01:00:00',16,0.78,81.52),(2,'2015-05-03 02:00:00',20,0.64,61.44),(2,'2015-05-03 03:00:00',13,0.04,186.33),(2,'2015-05-03 04:00:00',5,0.81,151.30),(2,'2015-05-03 05:00:00',14,0.09,37.68),(2,'2015-05-03 06:00:00',-2,0.38,47.23),(2,'2015-05-03 07:00:00',13,0.61,47.10),(2,'2015-05-03 08:00:00',4,0.77,44.41),(2,'2015-05-03 09:00:00',15,0.79,20.98),(2,'2015-05-03 10:00:00',9,0.41,87.14),(2,'2015-05-03 11:00:00',-9,0.84,112.00),(2,'2015-05-03 12:00:00',-6,0.88,110.04),(2,'2015-05-03 13:00:00',9,0.93,46.23),(2,'2015-05-03 14:00:00',-6,0.68,132.99),(2,'2015-05-03 15:00:00',-4,0.70,126.57),(2,'2015-05-03 16:00:00',-2,0.68,90.27),(2,'2015-05-03 17:00:00',-4,0.69,167.18),(2,'2015-05-03 18:00:00',-2,0.24,130.12),(2,'2015-05-03 19:00:00',-2,0.48,45.91),(2,'2015-05-03 20:00:00',-7,0.64,107.78),(2,'2015-05-03 21:00:00',16,0.25,37.50),(2,'2015-05-03 22:00:00',0,0.29,101.92),(2,'2015-05-03 23:00:00',-7,0.35,193.87),(2,'2015-05-04 00:00:00',-4,0.73,146.98),(2,'2015-05-04 01:00:00',-2,0.45,80.52),(2,'2015-05-04 02:00:00',-8,0.07,51.22),(2,'2015-05-04 03:00:00',4,0.75,104.57),(2,'2015-05-04 04:00:00',12,0.16,106.95),(2,'2015-05-04 05:00:00',4,0.11,168.80),(2,'2015-05-04 06:00:00',4,0.13,48.57),(2,'2015-05-04 07:00:00',3,0.72,64.94),(2,'2015-05-04 08:00:00',-4,0.46,164.64),(2,'2015-05-04 09:00:00',-5,0.46,119.00),(2,'2015-05-04 10:00:00',-2,0.53,171.62),(2,'2015-05-04 11:00:00',5,0.72,94.96),(2,'2015-05-04 12:00:00',-6,0.23,146.75),(2,'2015-05-04 13:00:00',-8,0.46,113.59),(2,'2015-05-04 14:00:00',-5,0.49,141.19),(2,'2015-05-04 15:00:00',1,0.57,60.83),(2,'2015-05-04 16:00:00',-7,0.99,114.46),(2,'2015-05-04 17:00:00',12,0.54,117.00),(2,'2015-05-04 18:00:00',18,0.04,59.70),(2,'2015-05-04 19:00:00',15,0.21,52.62),(2,'2015-05-04 20:00:00',18,0.58,107.97),(2,'2015-05-04 21:00:00',13,0.15,166.38),(2,'2015-05-04 22:00:00',-2,0.00,74.55),(2,'2015-05-04 23:00:00',2,0.18,56.78),(2,'2015-05-05 00:00:00',0,0.06,64.79),(2,'2015-05-05 01:00:00',14,0.90,101.54),(2,'2015-05-05 02:00:00',20,0.72,146.29),(2,'2015-05-05 03:00:00',12,0.38,189.45),(2,'2015-05-05 04:00:00',13,0.87,113.28),(2,'2015-05-05 05:00:00',-10,0.34,84.04),(2,'2015-05-05 06:00:00',8,0.05,120.36),(2,'2015-05-05 07:00:00',18,0.41,112.92),(2,'2015-05-05 08:00:00',-6,0.72,36.14),(2,'2015-05-05 09:00:00',-5,0.87,100.47),(2,'2015-05-05 10:00:00',-8,0.24,110.29),(2,'2015-05-05 11:00:00',19,0.03,145.49),(2,'2015-05-05 12:00:00',10,0.89,37.41),(2,'2015-05-05 13:00:00',-4,0.97,127.88),(2,'2015-05-05 14:00:00',9,0.68,192.81),(2,'2015-05-05 15:00:00',-10,0.64,55.78),(2,'2015-05-05 16:00:00',-2,0.02,95.76),(2,'2015-05-05 17:00:00',11,0.18,167.03),(2,'2015-05-05 18:00:00',17,0.01,47.68),(2,'2015-05-05 19:00:00',3,0.56,165.19),(2,'2015-05-05 20:00:00',15,0.22,195.70),(2,'2015-05-05 21:00:00',-7,0.20,62.82),(2,'2015-05-05 22:00:00',16,0.54,134.07),(2,'2015-05-05 23:00:00',14,0.87,90.28),(2,'2015-05-06 00:00:00',6,0.24,103.94),(2,'2015-05-06 01:00:00',-7,0.73,161.36),(2,'2015-05-06 02:00:00',7,0.05,145.75),(2,'2015-05-06 03:00:00',8,0.81,191.89),(2,'2015-05-06 04:00:00',7,0.85,140.83),(2,'2015-05-06 05:00:00',-10,0.61,117.87),(2,'2015-05-06 06:00:00',12,0.71,93.68),(2,'2015-05-06 07:00:00',15,0.26,106.08),(2,'2015-05-06 08:00:00',-7,0.83,185.23),(2,'2015-05-06 09:00:00',15,0.35,139.36),(2,'2015-05-06 10:00:00',10,1.00,140.49),(2,'2015-05-06 11:00:00',5,0.56,64.41),(2,'2015-05-06 12:00:00',9,0.32,38.07),(2,'2015-05-06 13:00:00',16,0.31,199.82),(2,'2015-05-06 14:00:00',11,1.00,79.77),(2,'2015-05-06 15:00:00',4,0.65,109.48),(2,'2015-05-06 16:00:00',19,0.91,138.86),(2,'2015-05-06 17:00:00',0,0.95,147.00),(2,'2015-05-06 18:00:00',9,0.92,155.14),(2,'2015-05-06 19:00:00',3,0.80,106.83),(2,'2015-05-06 20:00:00',17,0.37,121.89),(2,'2015-05-06 21:00:00',5,0.10,182.52),(2,'2015-05-06 22:00:00',7,0.65,60.97),(2,'2015-05-06 23:00:00',7,0.79,174.32),(2,'2015-05-07 00:00:00',19,0.86,186.33),(2,'2015-05-07 01:00:00',-3,0.96,184.16),(2,'2015-05-07 02:00:00',7,0.79,93.47),(2,'2015-05-07 03:00:00',-2,0.27,67.55),(2,'2015-05-07 04:00:00',16,0.85,86.57),(2,'2015-05-07 05:00:00',8,0.33,65.56),(2,'2015-05-07 06:00:00',-9,0.78,20.35),(2,'2015-05-07 07:00:00',6,0.45,75.47),(2,'2015-05-07 08:00:00',0,0.05,49.74),(2,'2015-05-07 09:00:00',-6,0.26,141.70),(2,'2015-05-07 10:00:00',4,0.11,46.93),(2,'2015-05-07 11:00:00',-5,0.68,43.22),(2,'2015-05-07 12:00:00',6,0.17,37.95),(2,'2015-05-07 13:00:00',19,0.97,75.77),(2,'2015-05-07 14:00:00',-9,0.07,74.22),(2,'2015-05-07 15:00:00',-6,0.70,42.13),(2,'2015-05-07 16:00:00',2,0.89,66.88),(2,'2015-05-07 17:00:00',-2,0.89,63.33),(2,'2015-05-07 18:00:00',2,0.95,120.43),(2,'2015-05-07 19:00:00',-10,0.33,124.76),(2,'2015-05-07 20:00:00',15,0.10,179.14),(2,'2015-05-07 21:00:00',10,0.75,198.22),(2,'2015-05-07 22:00:00',3,0.23,90.09),(2,'2015-05-07 23:00:00',-7,0.27,134.07),(2,'2015-05-08 00:00:00',0,0.60,81.63),(2,'2015-05-08 01:00:00',7,0.12,160.37),(2,'2015-05-08 02:00:00',-7,0.47,74.45),(2,'2015-05-08 03:00:00',15,0.18,108.05),(2,'2015-05-08 04:00:00',1,0.89,94.52),(2,'2015-05-08 05:00:00',12,0.61,44.56),(2,'2015-05-08 06:00:00',12,0.51,162.63),(2,'2015-05-08 07:00:00',-2,0.78,120.62),(2,'2015-05-08 08:00:00',9,0.46,164.45),(2,'2015-05-08 09:00:00',4,0.89,96.05),(2,'2015-05-08 10:00:00',16,0.58,91.48),(2,'2015-05-08 11:00:00',10,0.44,105.33),(2,'2015-05-08 12:00:00',3,0.08,96.83),(2,'2015-05-08 13:00:00',18,0.52,58.98),(2,'2015-05-08 14:00:00',15,0.36,164.34),(2,'2015-05-08 15:00:00',-10,0.35,99.58),(2,'2015-05-08 16:00:00',18,0.71,165.71),(2,'2015-05-08 17:00:00',9,0.29,152.55),(2,'2015-05-08 18:00:00',17,0.34,65.43),(2,'2015-05-08 19:00:00',-3,0.47,109.41),(2,'2015-05-08 20:00:00',14,0.23,91.50),(2,'2015-05-08 21:00:00',-8,0.58,168.75),(2,'2015-05-08 22:00:00',-9,0.70,34.06),(2,'2015-05-08 23:00:00',10,0.94,104.01),(2,'2015-05-09 00:00:00',3,0.17,87.51),(2,'2015-05-09 01:00:00',7,0.48,43.45),(2,'2015-05-09 02:00:00',4,0.67,177.74),(2,'2015-05-09 03:00:00',-4,0.42,83.94),(2,'2015-05-09 04:00:00',15,0.21,97.95),(2,'2015-05-09 05:00:00',4,0.61,143.26),(2,'2015-05-09 06:00:00',0,0.70,198.97),(2,'2015-05-09 07:00:00',11,0.68,159.66),(2,'2015-05-09 08:00:00',-5,0.25,61.74),(2,'2015-05-09 09:00:00',2,0.66,198.67),(2,'2015-05-09 10:00:00',-2,0.21,193.32),(2,'2015-05-09 11:00:00',12,0.03,168.64),(2,'2015-05-09 12:00:00',18,0.05,150.09),(2,'2015-05-09 13:00:00',18,0.04,23.20),(2,'2015-05-09 14:00:00',-7,0.12,67.61),(2,'2015-05-09 15:00:00',7,0.15,147.20),(2,'2015-05-09 16:00:00',8,0.26,167.80),(2,'2015-05-09 17:00:00',3,0.41,128.79),(2,'2015-05-09 18:00:00',7,0.93,76.35),(2,'2015-05-09 19:00:00',-5,0.51,61.74),(2,'2015-05-09 20:00:00',10,0.96,132.37),(2,'2015-05-09 21:00:00',-5,0.73,58.51),(2,'2015-05-09 22:00:00',0,0.53,165.50),(2,'2015-05-09 23:00:00',15,0.14,102.43),(2,'2015-05-10 00:00:00',8,0.30,98.94),(2,'2015-05-10 01:00:00',-3,0.71,119.44),(2,'2015-05-10 02:00:00',-2,0.07,99.37),(2,'2015-05-10 03:00:00',-5,0.06,27.25),(2,'2015-05-10 04:00:00',19,0.28,187.32),(2,'2015-05-10 05:00:00',13,0.88,104.72),(2,'2015-05-10 06:00:00',14,0.63,185.42),(2,'2015-05-10 07:00:00',5,0.96,183.24),(2,'2015-05-10 08:00:00',2,0.30,74.76),(2,'2015-05-10 09:00:00',19,0.12,72.98),(2,'2015-05-10 10:00:00',-2,0.27,47.30),(2,'2015-05-10 11:00:00',-9,0.07,150.79),(2,'2015-05-10 12:00:00',4,0.36,147.26),(2,'2015-05-10 13:00:00',13,0.26,76.00),(2,'2015-05-10 14:00:00',11,0.29,173.71),(2,'2015-05-10 15:00:00',19,0.76,21.39),(2,'2015-05-10 16:00:00',2,0.85,114.68),(2,'2015-05-10 17:00:00',10,0.13,72.47),(2,'2015-05-10 18:00:00',-3,0.31,159.17),(2,'2015-05-10 19:00:00',17,0.29,90.38),(2,'2015-05-10 20:00:00',-1,0.62,34.59),(2,'2015-05-10 21:00:00',-6,0.66,113.83),(2,'2015-05-10 22:00:00',8,0.97,145.48),(2,'2015-05-10 23:00:00',3,0.67,45.78);
